{
"switches": [
        {
                "name": "s1",
                 "description": "switch"
        },
        {
                "name": "s2",
                 "description": "switch"
        },
        {
                "name": "s3",
                 "description": "switch"
        },
        {
                "name": "s4",
                 "description": "switch"
        },
        {
                "name": "s5",
                 "description": "switch"
        },
        {
                "name": "s6",
                 "description": "switch"
        },
        {
                "name": "s7",
                 "description": "switch"
        },
        {
                "name": "s8",
                 "description": "switch"
        },
        {
                "name": "s9",
                 "description": "switch"
        },
        {
                "name": "s10",
                 "description": "switch"
        },
        {
                "name": "s11",
                 "description": "switch"
        },
        {
                "name": "s12",
                 "description": "switch"
        },
        {
                "name": "s13",
                 "description": "switch"
        },
        {
                "name": "s14",
                 "description": "switch"
        },
        {
                "name": "s15",
                 "description": "switch"
        },
        {
                "name": "s16",
                 "description": "switch"
        },
        {
                "name": "s17",
                 "description": "switch"
        },
        {
                "name": "s18",
                 "description": "switch"
        },
        {
                "name": "s19",
                 "description": "switch"
        },
        {
                "name": "s20",
                 "description": "switch"
        },
        {
                "name": "s21",
                 "description": "switch"
        },
        {
                "name": "s22",
                 "description": "switch"
        },
        {
                "name": "s23",
                 "description": "switch"
        },
        {
                "name": "s24",
                 "description": "switch"
        },
        {
                "name": "s25",
                 "description": "switch"
        }
],
"hosts": [
        {
                "description": "host",
                "name": "h1",
                 "server_type": null
        },
        {
                "description": "host",
                "name": "h2",
                 "server_type": null
        },
        {
                "description": "host",
                "name": "h3",
                 "server_type": null
        },
        {
                "description": "host",
                "name": "h4",
                 "server_type": null
        },
        {
                "description": "host",
                "name": "h5",
                 "server_type": null
        },
        {
                "description": "host",
                "name": "h6",
                 "server_type": null
        },
        {
                "description": "host",
                "name": "h7",
                 "server_type": null
        },
        {
                "description": "host",
                "name": "h8",
                 "server_type": null
        },
        {
                "description": "host",
                "name": "h9",
                 "server_type": null
        },
        {
                "description": "host",
                "name": "h10",
                 "server_type": null
        },
        {
                "description": "host",
                "name": "h11",
                 "server_type": null
        },
        {
                "description": "host",
                "name": "h12",
                 "server_type": null
        },
        {
                "description": "host",
                "name": "h13",
                 "server_type": null
        },
        {
                "description": "host",
                "name": "h14",
                 "server_type": null
        },
        {
                "description": "host",
                "name": "h15",
                 "server_type": null
        },
        {
                "description": "host",
                "name": "h16",
                 "server_type": null
        },
        {
                "description": "host",
                "name": "h17",
                 "server_type": null
        },
        {
                "description": "host",
                "name": "h18",
                 "server_type": null
        },
        {
                "description": "host",
                "name": "h19",
                 "server_type": null
        },
        {
                "description": "host",
                "name": "h20",
                 "server_type": null
        },
        {
                "description": "host",
                "name": "h21",
                 "server_type": null
        },
        {
                "description": "host",
                "name": "h22",
                 "server_type": null
        },
        {
                "description": "host",
                "name": "h23",
                 "server_type": null
        },
        {
                "description": "host",
                "name": "h24",
                 "server_type": null
        },
        {
                "description": "host",
                "name": "h25",
                 "server_type": null
        },
        {
                "description": "host",
                "name": "h26",
                 "server_type": null
        },
        {
                "description": "host",
                "name": "h27",
                 "server_type": null
        },
        {
                "description": "host",
                "name": "h28",
                 "server_type": null
        },
        {
                "description": "host",
                "name": "h29",
                 "server_type": null
        },
        {
                "description": "host",
                "name": "h30",
                 "server_type": null
        },
        {
                "description": "host",
                "name": "h31",
                 "server_type": null
        },
        {
                "description": "host",
                "name": "h32",
                 "server_type": null
        },
        {
                "description": "host",
                "name": "h33",
                 "server_type": null
        },
        {
                "description": "host",
                "name": "h34",
                 "server_type": null
        },
        {
                "description": "host",
                "name": "h35",
                 "server_type": null
        },
        {
                "description": "host",
                "name": "h36",
                 "server_type": null
        },
        {
                "description": "host",
                "name": "h37",
                 "server_type": null
        },
        {
                "description": "host",
                "name": "h38",
                 "server_type": null
        },
        {
                "description": "host",
                "name": "h39",
                 "server_type": null
        },
        {
                "description": "host",
                "name": "h40",
                 "server_type": null
        },
        {
                "description": "host",
                "name": "h41",
                 "server_type": null
        },
        {
                "description": "host",
                "name": "h42",
                 "server_type": null
        },
        {
                "description": "host",
                "name": "h43",
                 "server_type": null
        },
        {
                "description": "host",
                "name": "h44",
                 "server_type": null
        },
        {
                "description": "host",
                "name": "h45",
                 "server_type": null
        },
        {
                "description": "host",
                "name": "h46",
                 "server_type": null
        },
        {
                "description": "host",
                "name": "h47",
                 "server_type": null
        },
        {
                "description": "host",
                "name": "h48",
                 "server_type": null
        },
        {
                "description": "host",
                "name": "h49",
                 "server_type": null
        },
        {
                "description": "host",
                "name": "h50",
                 "server_type": null
        },
        {
                "description": "host",
                "name": "h51",
                 "server_type": null
        },
        {
                "description": "host",
                "name": "h52",
                 "server_type": null
        },
        {
                "description": "host",
                "name": "h53",
                 "server_type": null
        },
        {
                "description": "host",
                "name": "h54",
                 "server_type": null
        },
        {
                "description": "host",
                "name": "h55",
                 "server_type": null
        },
        {
                "description": "host",
                "name": "h56",
                 "server_type": null
        },
        {
                "description": "host",
                "name": "h57",
                 "server_type": null
        },
        {
                "description": "host",
                "name": "h58",
                 "server_type": null
        },
        {
                "description": "host",
                "name": "h59",
                 "server_type": null
        },
        {
                "description": "host",
                "name": "h60",
                 "server_type": null
        },
        {
                "description": "host",
                "name": "h61",
                 "server_type": null
        },
        {
                "description": "host",
                "name": "h62",
                 "server_type": null
        },
        {
                "description": "host",
                "name": "h63",
                 "server_type": null
        },
        {
                "description": "host",
                "name": "h64",
                 "server_type": null
        },
        {
                "description": "host",
                "name": "h65",
                 "server_type": null
        },
        {
                "description": "host",
                "name": "h66",
                 "server_type": null
        },
        {
                "description": "host",
                "name": "h67",
                 "server_type": null
        },
        {
                "description": "host",
                "name": "h68",
                 "server_type": null
        },
        {
                "description": "host",
                "name": "h69",
                 "server_type": null
        },
        {
                "description": "host",
                "name": "h70",
                 "server_type": null
        },
        {
                "description": "host",
                "name": "h71",
                 "server_type": null
        },
        {
                "description": "host",
                "name": "h72",
                 "server_type": null
        },
        {
                "description": "host",
                "name": "h73",
                 "server_type": null
        },
        {
                "description": "host",
                "name": "h74",
                 "server_type": null
        },
        {
                "description": "host",
                "name": "h75",
                 "server_type": null
        },
        {
                "description": "host",
                "name": "h76",
                 "server_type": null
        },
        {
                "description": "host",
                "name": "h77",
                 "server_type": null
        },
        {
                "description": "host",
                "name": "h78",
                 "server_type": null
        },
        {
                "description": "host",
                "name": "h79",
                 "server_type": null
        },
        {
                "description": "host",
                "name": "h80",
                 "server_type": null
        },
        {
                "description": "host",
                "name": "h81",
                 "server_type": null
        },
        {
                "description": "host",
                "name": "h82",
                 "server_type": null
        },
        {
                "description": "host",
                "name": "h83",
                 "server_type": null
        },
        {
                "description": "host",
                "name": "h84",
                 "server_type": null
        },
        {
                "description": "host",
                "name": "h85",
                 "server_type": null
        },
        {
                "description": "host",
                "name": "h86",
                 "server_type": null
        },
        {
                "description": "host",
                "name": "h87",
                 "server_type": null
        },
        {
                "description": "host",
                "name": "h88",
                 "server_type": null
        },
        {
                "description": "host",
                "name": "h89",
                 "server_type": null
        },
        {
                "description": "host",
                "name": "h90",
                 "server_type": null
        },
        {
                "description": "host",
                "name": "h91",
                 "server_type": null
        },
        {
                "description": "host",
                "name": "h92",
                 "server_type": null
        },
        {
                "description": "host",
                "name": "h93",
                 "server_type": null
        },
        {
                "description": "host",
                "name": "h94",
                 "server_type": null
        },
        {
                "description": "host",
                "name": "h95",
                 "server_type": null
        },
        {
                "description": "host",
                "name": "h96",
                 "server_type": null
        },
        {
                "description": "host",
                "name": "h97",
                 "server_type": null
        },
        {
                "description": "host",
                "name": "h98",
                 "server_type": null
        },
        {
                "description": "host",
                "name": "h99",
                 "server_type": null
        },
        {
                "description": "host",
                "name": "h100",
                 "server_type": null
        },
        {
                "description": "host",
                "name": "h101",
                 "server_type": null
        },
        {
                "description": "host",
                "name": "h102",
                 "server_type": null
        },
        {
                "description": "host",
                "name": "h103",
                 "server_type": null
        },
        {
                "description": "host",
                "name": "h104",
                 "server_type": null
        },
        {
                "description": "host",
                "name": "h105",
                 "server_type": null
        },
        {
                "description": "host",
                "name": "h106",
                 "server_type": null
        },
        {
                "description": "host",
                "name": "h107",
                 "server_type": null
        },
        {
                "description": "host",
                "name": "h108",
                 "server_type": null
        },
        {
                "description": "host",
                "name": "h109",
                 "server_type": null
        },
        {
                "description": "host",
                "name": "h110",
                 "server_type": null
        },
        {
                "description": "host",
                "name": "h111",
                 "server_type": null
        },
        {
                "description": "host",
                "name": "h112",
                 "server_type": null
        },
        {
                "description": "host",
                "name": "h113",
                 "server_type": null
        },
        {
                "description": "host",
                "name": "h114",
                 "server_type": null
        },
        {
                "description": "host",
                "name": "h115",
                 "server_type": null
        },
        {
                "description": "host",
                "name": "h116",
                 "server_type": null
        },
        {
                "description": "host",
                "name": "h117",
                 "server_type": null
        },
        {
                "description": "host",
                "name": "h118",
                 "server_type": null
        },
        {
                "description": "host",
                "name": "h119",
                 "server_type": null
        },
        {
                "description": "host",
                "name": "h120",
                 "server_type": null
        },
        {
                "description": "host",
                "name": "h121",
                 "server_type": null
        },
        {
                "description": "host",
                "name": "h122",
                 "server_type": null
        },
        {
                "description": "host",
                "name": "h123",
                 "server_type": null
        },
        {
                "description": "host",
                "name": "h124",
                 "server_type": null
        },
        {
                "description": "host",
                "name": "h125",
                 "server_type": null
        },
        {
                "description": "host",
                "name": "h126",
                 "server_type": null
        },
        {
                "description": "host",
                "name": "h127",
                 "server_type": null
        },
        {
                "description": "host",
                "name": "h128",
                 "server_type": null
        },
        {
                "description": "host",
                "name": "h129",
                 "server_type": null
        },
        {
                "description": "host",
                "name": "h130",
                 "server_type": null
        },
        {
                "description": "host",
                "name": "h131",
                 "server_type": null
        },
        {
                "description": "host",
                "name": "h132",
                 "server_type": null
        },
        {
                "description": "host",
                "name": "h133",
                 "server_type": null
        },
        {
                "description": "host",
                "name": "h134",
                 "server_type": null
        },
        {
                "description": "host",
                "name": "h135",
                 "server_type": null
        },
        {
                "description": "server",
                "name": "sv1",
                 "server_type": "HTTP"
        },
        {
                "description": "server",
                "name": "sv2",
                 "server_type": "HTTP"
        },
        {
                "description": "server",
                "name": "sv3",
                 "server_type": "HTTP"
        },
        {
                "description": "server",
                "name": "sv4",
                 "server_type": "HTTP"
        },
        {
                "description": "server",
                "name": "sv5",
                 "server_type": "HTTP"
        },
        {
                "description": "server",
                "name": "sv6",
                 "server_type": "HTTP"
        },
        {
                "description": "server",
                "name": "sv7",
                 "server_type": "HTTP"
        },
        {
                "description": "server",
                "name": "sv8",
                 "server_type": "HTTP"
        },
        {
                "description": "server",
                "name": "sv9",
                 "server_type": "HTTP"
        },
        {
                "description": "server",
                "name": "sv10",
                 "server_type": "HTTP"
        },
        {
                "description": "server",
                "name": "sv11",
                 "server_type": "HTTP"
        },
        {
                "description": "server",
                "name": "sv12",
                 "server_type": "HTTP"
        },
        {
                "description": "server",
                "name": "sv13",
                 "server_type": "HTTP"
        },
        {
                "description": "server",
                "name": "sv14",
                 "server_type": "HTTP"
        },
        {
                "description": "server",
                "name": "sv15",
                 "server_type": "HTTP"
        },
        {
                "description": "server",
                "name": "sv16",
                 "server_type": "HTTP"
        },
        {
                "description": "server",
                "name": "sv17",
                 "server_type": "HTTP"
        },
        {
                "description": "server",
                "name": "sv18",
                 "server_type": "HTTP"
        },
        {
                "description": "server",
                "name": "sv19",
                 "server_type": "HTTP"
        },
        {
                "description": "server",
                "name": "sv20",
                 "server_type": "HTTP"
        },
        {
                "description": "server",
                "name": "sv21",
                 "server_type": "HTTP"
        },
        {
                "description": "server",
                "name": "sv22",
                 "server_type": "HTTP"
        },
        {
                "description": "server",
                "name": "sv23",
                 "server_type": "HTTP"
        },
        {
                "description": "server",
                "name": "sv24",
                 "server_type": "HTTP"
        },
        {
                "description": "server",
                "name": "sv25",
                 "server_type": "HTTP"
        },
        {
                "description": "server",
                "name": "sv26",
                 "server_type": "HTTP"
        },
        {
                "description": "server",
                "name": "sv27",
                 "server_type": "HTTP"
        },
        {
                "description": "server",
                "name": "sv28",
                 "server_type": "HTTP"
        },
        {
                "description": "server",
                "name": "sv29",
                 "server_type": "HTTP"
        },
        {
                "description": "server",
                "name": "sv30",
                 "server_type": "HTTP"
        },
        {
                "description": "server",
                "name": "sv31",
                 "server_type": "HTTP"
        },
        {
                "description": "server",
                "name": "sv32",
                 "server_type": "HTTP"
        },
        {
                "description": "server",
                "name": "sv33",
                 "server_type": "HTTP"
        },
        {
                "description": "server",
                "name": "sv34",
                 "server_type": "HTTP"
        },
        {
                "description": "server",
                "name": "sv35",
                 "server_type": "HTTP"
        },
        {
                "description": "server",
                "name": "sv36",
                 "server_type": "HTTP"
        },
        {
                "description": "server",
                "name": "sv37",
                 "server_type": "HTTP"
        },
        {
                "description": "server",
                "name": "sv38",
                 "server_type": "HTTP"
        },
        {
                "description": "server",
                "name": "sv39",
                 "server_type": "HTTP"
        },
        {
                "description": "server",
                "name": "sv40",
                 "server_type": "HTTP"
        },
        {
                "description": "server",
                "name": "sv41",
                 "server_type": "HTTP"
        },
        {
                "description": "server",
                "name": "sv42",
                 "server_type": "HTTP"
        },
        {
                "description": "server",
                "name": "sv43",
                 "server_type": "HTTP"
        },
        {
                "description": "server",
                "name": "sv44",
                 "server_type": "HTTP"
        },
        {
                "description": "server",
                "name": "sv45",
                 "server_type": "HTTP"
        },
        {
                "description": "server",
                "name": "sv46",
                 "server_type": "HTTP"
        },
        {
                "description": "server",
                "name": "sv47",
                 "server_type": "HTTP"
        },
        {
                "description": "server",
                "name": "sv48",
                 "server_type": "HTTP"
        },
        {
                "description": "server",
                "name": "sv49",
                 "server_type": "HTTP"
        },
        {
                "description": "server",
                "name": "sv50",
                 "server_type": "HTTP"
        },
        {
                "description": "server",
                "name": "sv51",
                 "server_type": "HTTP"
        },
        {
                "description": "server",
                "name": "sv52",
                 "server_type": "HTTP"
        },
        {
                "description": "server",
                "name": "sv53",
                 "server_type": "HTTP"
        },
        {
                "description": "server",
                "name": "sv54",
                 "server_type": "HTTP"
        },
        {
                "description": "server",
                "name": "sv55",
                 "server_type": "HTTP"
        },
        {
                "description": "server",
                "name": "sv56",
                 "server_type": "HTTP"
        },
        {
                "description": "server",
                "name": "sv57",
                 "server_type": "HTTP"
        },
        {
                "description": "server",
                "name": "sv58",
                 "server_type": "HTTP"
        },
        {
                "description": "server",
                "name": "sv59",
                 "server_type": "HTTP"
        },
        {
                "description": "server",
                "name": "sv60",
                 "server_type": "HTTP"
        },
        {
                "description": "server",
                "name": "sv61",
                 "server_type": "HTTP"
        },
        {
                "description": "server",
                "name": "sv62",
                 "server_type": "HTTP"
        },
        {
                "description": "server",
                "name": "sv63",
                 "server_type": "HTTP"
        },
        {
                "description": "server",
                "name": "sv64",
                 "server_type": "HTTP"
        },
        {
                "description": "server",
                "name": "sv65",
                 "server_type": "HTTP"
        }
],
"links": [
        {
                "node1": "s1",
                "linkopts": {"bw": 1000},
                "node2": "s2"
        },
        {
                "node1": "s1",
                "linkopts": {"bw": 1000},
                "node2": "s3"
        },
        {
                "node1": "s1",
                "linkopts": {"bw": 1000},
                "node2": "s4"
        },
        {
                "node1": "s1",
                "linkopts": {"bw": 1000},
                "node2": "s5"
        },
        {
                "node1": "s1",
                "linkopts": {"bw": 1000},
                "node2": "s6"
        },
        {
                "node1": "s1",
                "linkopts": {"bw": 1000},
                "node2": "s7"
        },
        {
                "node1": "s2",
                "linkopts": {"bw": 1000},
                "node2": "s8"
        },
        {
                "node1": "s2",
                "linkopts": {"bw": 1000},
                "node2": "s9"
        },
        {
                "node1": "s2",
                "linkopts": {"bw": 1000},
                "node2": "s10"
        },
        {
                "node1": "s2",
                "linkopts": {"bw": 1000},
                "node2": "s11"
        },
        {
                "node1": "s2",
                "linkopts": {"bw": 1000},
                "node2": "s12"
        },
        {
                "node1": "s3",
                "linkopts": {"bw": 1000},
                "node2": "s14"
        },
        {
                "node1": "s3",
                "linkopts": {"bw": 1000},
                "node2": "s21"
        },
        {
                "node1": "s4",
                "linkopts": {"bw": 1000},
                "node2": "s17"
        },
        {
                "node1": "s4",
                "linkopts": {"bw": 1000},
                "node2": "s19"
        },
        {
                "node1": "s5",
                "linkopts": {"bw": 1000},
                "node2": "s18"
        },
        {
                "node1": "s5",
                "linkopts": {"bw": 1000},
                "node2": "s22"
        },
        {
                "node1": "s6",
                "linkopts": {"bw": 1000},
                "node2": "s13"
        },
        {
                "node1": "s6",
                "linkopts": {"bw": 1000},
                "node2": "s14"
        },
        {
                "node1": "s6",
                "linkopts": {"bw": 1000},
                "node2": "s20"
        },
        {
                "node1": "s6",
                "linkopts": {"bw": 1000},
                "node2": "s24"
        },
        {
                "node1": "s7",
                "linkopts": {"bw": 1000},
                "node2": "s16"
        },
        {
                "node1": "s7",
                "linkopts": {"bw": 1000},
                "node2": "s25"
        },
        {
                "node1": "s8",
                "linkopts": {"bw": 1000},
                "node2": "s13"
        },
        {
                "node1": "s8",
                "linkopts": {"bw": 1000},
                "node2": "s21"
        },
        {
                "node1": "s9",
                "linkopts": {"bw": 1000},
                "node2": "s17"
        },
        {
                "node1": "s9",
                "linkopts": {"bw": 1000},
                "node2": "s22"
        },
        {
                "node1": "s10",
                "linkopts": {"bw": 1000},
                "node2": "s18"
        },
        {
                "node1": "s10",
                "linkopts": {"bw": 1000},
                "node2": "s23"
        },
        {
                "node1": "s11",
                "linkopts": {"bw": 1000},
                "node2": "s15"
        },
        {
                "node1": "s11",
                "linkopts": {"bw": 1000},
                "node2": "s24"
        },
        {
                "node1": "s12",
                "linkopts": {"bw": 1000},
                "node2": "s25"
        },
        {
                "node1": "s13",
                "linkopts": {"bw": 1000},
                "node2": "h1"
        },
        {
                "node1": "s14",
                "linkopts": {"bw": 1000},
                "node2": "h2"
        },
        {
                "node1": "s15",
                "linkopts": {"bw": 1000},
                "node2": "h3"
        },
        {
                "node1": "s16",
                "linkopts": {"bw": 1000},
                "node2": "h4"
        },
        {
                "node1": "s17",
                "linkopts": {"bw": 1000},
                "node2": "h5"
        },
        {
                "node1": "s18",
                "linkopts": {"bw": 1000},
                "node2": "h6"
        },
        {
                "node1": "s19",
                "linkopts": {"bw": 1000},
                "node2": "h7"
        },
        {
                "node1": "s20",
                "linkopts": {"bw": 1000},
                "node2": "h8"
        },
        {
                "node1": "s21",
                "linkopts": {"bw": 1000},
                "node2": "h9"
        },
        {
                "node1": "s22",
                "linkopts": {"bw": 1000},
                "node2": "h10"
        },
        {
                "node1": "s23",
                "linkopts": {"bw": 1000},
                "node2": "h11"
        },
        {
                "node1": "s24",
                "linkopts": {"bw": 1000},
                "node2": "h12"
        },
        {
                "node1": "s25",
                "linkopts": {"bw": 1000},
                "node2": "h13"
        },
        {
                "node1": "s13",
                "linkopts": {"bw": 1000},
                "node2": "h14"
        },
        {
                "node1": "s14",
                "linkopts": {"bw": 1000},
                "node2": "h15"
        },
        {
                "node1": "s15",
                "linkopts": {"bw": 1000},
                "node2": "h16"
        },
        {
                "node1": "s16",
                "linkopts": {"bw": 1000},
                "node2": "h17"
        },
        {
                "node1": "s17",
                "linkopts": {"bw": 1000},
                "node2": "h18"
        },
        {
                "node1": "s18",
                "linkopts": {"bw": 1000},
                "node2": "h19"
        },
        {
                "node1": "s19",
                "linkopts": {"bw": 1000},
                "node2": "h20"
        },
        {
                "node1": "s20",
                "linkopts": {"bw": 1000},
                "node2": "h21"
        },
        {
                "node1": "s21",
                "linkopts": {"bw": 1000},
                "node2": "h22"
        },
        {
                "node1": "s22",
                "linkopts": {"bw": 1000},
                "node2": "h23"
        },
        {
                "node1": "s23",
                "linkopts": {"bw": 1000},
                "node2": "h24"
        },
        {
                "node1": "s24",
                "linkopts": {"bw": 1000},
                "node2": "h25"
        },
        {
                "node1": "s25",
                "linkopts": {"bw": 1000},
                "node2": "h26"
        },
        {
                "node1": "s13",
                "linkopts": {"bw": 1000},
                "node2": "h27"
        },
        {
                "node1": "s14",
                "linkopts": {"bw": 1000},
                "node2": "h28"
        },
        {
                "node1": "s15",
                "linkopts": {"bw": 1000},
                "node2": "h29"
        },
        {
                "node1": "s16",
                "linkopts": {"bw": 1000},
                "node2": "h30"
        },
        {
                "node1": "s17",
                "linkopts": {"bw": 1000},
                "node2": "h31"
        },
        {
                "node1": "s18",
                "linkopts": {"bw": 1000},
                "node2": "h32"
        },
        {
                "node1": "s19",
                "linkopts": {"bw": 1000},
                "node2": "h33"
        },
        {
                "node1": "s20",
                "linkopts": {"bw": 1000},
                "node2": "h34"
        },
        {
                "node1": "s21",
                "linkopts": {"bw": 1000},
                "node2": "h35"
        },
        {
                "node1": "s22",
                "linkopts": {"bw": 1000},
                "node2": "h36"
        },
        {
                "node1": "s23",
                "linkopts": {"bw": 1000},
                "node2": "h37"
        },
        {
                "node1": "s24",
                "linkopts": {"bw": 1000},
                "node2": "h38"
        },
        {
                "node1": "s25",
                "linkopts": {"bw": 1000},
                "node2": "h39"
        },
        {
                "node1": "s13",
                "linkopts": {"bw": 1000},
                "node2": "h40"
        },
        {
                "node1": "s14",
                "linkopts": {"bw": 1000},
                "node2": "h41"
        },
        {
                "node1": "s15",
                "linkopts": {"bw": 1000},
                "node2": "h42"
        },
        {
                "node1": "s16",
                "linkopts": {"bw": 1000},
                "node2": "h43"
        },
        {
                "node1": "s17",
                "linkopts": {"bw": 1000},
                "node2": "h44"
        },
        {
                "node1": "s18",
                "linkopts": {"bw": 1000},
                "node2": "h45"
        },
        {
                "node1": "s19",
                "linkopts": {"bw": 1000},
                "node2": "h46"
        },
        {
                "node1": "s20",
                "linkopts": {"bw": 1000},
                "node2": "h47"
        },
        {
                "node1": "s21",
                "linkopts": {"bw": 1000},
                "node2": "h48"
        },
        {
                "node1": "s22",
                "linkopts": {"bw": 1000},
                "node2": "h49"
        },
        {
                "node1": "s23",
                "linkopts": {"bw": 1000},
                "node2": "h50"
        },
        {
                "node1": "s24",
                "linkopts": {"bw": 1000},
                "node2": "h51"
        },
        {
                "node1": "s25",
                "linkopts": {"bw": 1000},
                "node2": "h52"
        },
        {
                "node1": "s13",
                "linkopts": {"bw": 1000},
                "node2": "h53"
        },
        {
                "node1": "s14",
                "linkopts": {"bw": 1000},
                "node2": "h54"
        },
        {
                "node1": "s15",
                "linkopts": {"bw": 1000},
                "node2": "h55"
        },
        {
                "node1": "s16",
                "linkopts": {"bw": 1000},
                "node2": "h56"
        },
        {
                "node1": "s17",
                "linkopts": {"bw": 1000},
                "node2": "h57"
        },
        {
                "node1": "s18",
                "linkopts": {"bw": 1000},
                "node2": "h58"
        },
        {
                "node1": "s19",
                "linkopts": {"bw": 1000},
                "node2": "h59"
        },
        {
                "node1": "s20",
                "linkopts": {"bw": 1000},
                "node2": "h60"
        },
        {
                "node1": "s21",
                "linkopts": {"bw": 1000},
                "node2": "h61"
        },
        {
                "node1": "s22",
                "linkopts": {"bw": 1000},
                "node2": "h62"
        },
        {
                "node1": "s23",
                "linkopts": {"bw": 1000},
                "node2": "h63"
        },
        {
                "node1": "s24",
                "linkopts": {"bw": 1000},
                "node2": "h64"
        },
        {
                "node1": "s25",
                "linkopts": {"bw": 1000},
                "node2": "h65"
        },
        {
                "node1": "s13",
                "linkopts": {"bw": 1000},
                "node2": "h66"
        },
        {
                "node1": "s14",
                "linkopts": {"bw": 1000},
                "node2": "h67"
        },
        {
                "node1": "s15",
                "linkopts": {"bw": 1000},
                "node2": "h68"
        },
        {
                "node1": "s16",
                "linkopts": {"bw": 1000},
                "node2": "h69"
        },
        {
                "node1": "s17",
                "linkopts": {"bw": 1000},
                "node2": "h70"
        },
        {
                "node1": "s18",
                "linkopts": {"bw": 1000},
                "node2": "h71"
        },
        {
                "node1": "s19",
                "linkopts": {"bw": 1000},
                "node2": "h72"
        },
        {
                "node1": "s20",
                "linkopts": {"bw": 1000},
                "node2": "h73"
        },
        {
                "node1": "s21",
                "linkopts": {"bw": 1000},
                "node2": "h74"
        },
        {
                "node1": "s22",
                "linkopts": {"bw": 1000},
                "node2": "h75"
        },
        {
                "node1": "s23",
                "linkopts": {"bw": 1000},
                "node2": "h76"
        },
        {
                "node1": "s24",
                "linkopts": {"bw": 1000},
                "node2": "h77"
        },
        {
                "node1": "s25",
                "linkopts": {"bw": 1000},
                "node2": "h78"
        },
        {
                "node1": "s13",
                "linkopts": {"bw": 1000},
                "node2": "h79"
        },
        {
                "node1": "s14",
                "linkopts": {"bw": 1000},
                "node2": "h80"
        },
        {
                "node1": "s15",
                "linkopts": {"bw": 1000},
                "node2": "h81"
        },
        {
                "node1": "s16",
                "linkopts": {"bw": 1000},
                "node2": "h82"
        },
        {
                "node1": "s17",
                "linkopts": {"bw": 1000},
                "node2": "h83"
        },
        {
                "node1": "s18",
                "linkopts": {"bw": 1000},
                "node2": "h84"
        },
        {
                "node1": "s19",
                "linkopts": {"bw": 1000},
                "node2": "h85"
        },
        {
                "node1": "s20",
                "linkopts": {"bw": 1000},
                "node2": "h86"
        },
        {
                "node1": "s21",
                "linkopts": {"bw": 1000},
                "node2": "h87"
        },
        {
                "node1": "s22",
                "linkopts": {"bw": 1000},
                "node2": "h88"
        },
        {
                "node1": "s23",
                "linkopts": {"bw": 1000},
                "node2": "h89"
        },
        {
                "node1": "s24",
                "linkopts": {"bw": 1000},
                "node2": "h90"
        },
        {
                "node1": "s25",
                "linkopts": {"bw": 1000},
                "node2": "h91"
        },
        {
                "node1": "s13",
                "linkopts": {"bw": 1000},
                "node2": "h92"
        },
        {
                "node1": "s14",
                "linkopts": {"bw": 1000},
                "node2": "h93"
        },
        {
                "node1": "s15",
                "linkopts": {"bw": 1000},
                "node2": "h94"
        },
        {
                "node1": "s16",
                "linkopts": {"bw": 1000},
                "node2": "h95"
        },
        {
                "node1": "s17",
                "linkopts": {"bw": 1000},
                "node2": "h96"
        },
        {
                "node1": "s18",
                "linkopts": {"bw": 1000},
                "node2": "h97"
        },
        {
                "node1": "s19",
                "linkopts": {"bw": 1000},
                "node2": "h98"
        },
        {
                "node1": "s20",
                "linkopts": {"bw": 1000},
                "node2": "h99"
        },
        {
                "node1": "s21",
                "linkopts": {"bw": 1000},
                "node2": "h100"
        },
        {
                "node1": "s22",
                "linkopts": {"bw": 1000},
                "node2": "h101"
        },
        {
                "node1": "s23",
                "linkopts": {"bw": 1000},
                "node2": "h102"
        },
        {
                "node1": "s24",
                "linkopts": {"bw": 1000},
                "node2": "h103"
        },
        {
                "node1": "s25",
                "linkopts": {"bw": 1000},
                "node2": "h104"
        },
        {
                "node1": "s13",
                "linkopts": {"bw": 1000},
                "node2": "h105"
        },
        {
                "node1": "s14",
                "linkopts": {"bw": 1000},
                "node2": "h106"
        },
        {
                "node1": "s15",
                "linkopts": {"bw": 1000},
                "node2": "h107"
        },
        {
                "node1": "s16",
                "linkopts": {"bw": 1000},
                "node2": "h108"
        },
        {
                "node1": "s17",
                "linkopts": {"bw": 1000},
                "node2": "h109"
        },
        {
                "node1": "s18",
                "linkopts": {"bw": 1000},
                "node2": "h110"
        },
        {
                "node1": "s19",
                "linkopts": {"bw": 1000},
                "node2": "h111"
        },
        {
                "node1": "s20",
                "linkopts": {"bw": 1000},
                "node2": "h112"
        },
        {
                "node1": "s21",
                "linkopts": {"bw": 1000},
                "node2": "h113"
        },
        {
                "node1": "s22",
                "linkopts": {"bw": 1000},
                "node2": "h114"
        },
        {
                "node1": "s23",
                "linkopts": {"bw": 1000},
                "node2": "h115"
        },
        {
                "node1": "s24",
                "linkopts": {"bw": 1000},
                "node2": "h116"
        },
        {
                "node1": "s25",
                "linkopts": {"bw": 1000},
                "node2": "h117"
        },
        {
                "node1": "s13",
                "linkopts": {"bw": 1000},
                "node2": "h118"
        },
        {
                "node1": "s14",
                "linkopts": {"bw": 1000},
                "node2": "h119"
        },
        {
                "node1": "s15",
                "linkopts": {"bw": 1000},
                "node2": "h120"
        },
        {
                "node1": "s16",
                "linkopts": {"bw": 1000},
                "node2": "h121"
        },
        {
                "node1": "s17",
                "linkopts": {"bw": 1000},
                "node2": "h122"
        },
        {
                "node1": "s18",
                "linkopts": {"bw": 1000},
                "node2": "h123"
        },
        {
                "node1": "s19",
                "linkopts": {"bw": 1000},
                "node2": "h124"
        },
        {
                "node1": "s20",
                "linkopts": {"bw": 1000},
                "node2": "h125"
        },
        {
                "node1": "s21",
                "linkopts": {"bw": 1000},
                "node2": "h126"
        },
        {
                "node1": "s22",
                "linkopts": {"bw": 1000},
                "node2": "h127"
        },
        {
                "node1": "s23",
                "linkopts": {"bw": 1000},
                "node2": "h128"
        },
        {
                "node1": "s24",
                "linkopts": {"bw": 1000},
                "node2": "h129"
        },
        {
                "node1": "s25",
                "linkopts": {"bw": 1000},
                "node2": "h130"
        },
        {
                "node1": "s13",
                "linkopts": {"bw": 1000},
                "node2": "h131"
        },
        {
                "node1": "s14",
                "linkopts": {"bw": 1000},
                "node2": "h132"
        },
        {
                "node1": "s15",
                "linkopts": {"bw": 1000},
                "node2": "h133"
        },
        {
                "node1": "s16",
                "linkopts": {"bw": 1000},
                "node2": "h134"
        },
        {
                "node1": "s17",
                "linkopts": {"bw": 1000},
                "node2": "h135"
        },
        {
                "node1": "s18",
                "linkopts": {"bw": 1000},
                "node2": "sv1"
        },
        {
                "node1": "s19",
                "linkopts": {"bw": 1000},
                "node2": "sv2"
        },
        {
                "node1": "s20",
                "linkopts": {"bw": 1000},
                "node2": "sv3"
        },
        {
                "node1": "s21",
                "linkopts": {"bw": 1000},
                "node2": "sv4"
        },
        {
                "node1": "s22",
                "linkopts": {"bw": 1000},
                "node2": "sv5"
        },
        {
                "node1": "s23",
                "linkopts": {"bw": 1000},
                "node2": "sv6"
        },
        {
                "node1": "s24",
                "linkopts": {"bw": 1000},
                "node2": "sv7"
        },
        {
                "node1": "s25",
                "linkopts": {"bw": 1000},
                "node2": "sv8"
        },
        {
                "node1": "s13",
                "linkopts": {"bw": 1000},
                "node2": "sv9"
        },
        {
                "node1": "s14",
                "linkopts": {"bw": 1000},
                "node2": "sv10"
        },
        {
                "node1": "s15",
                "linkopts": {"bw": 1000},
                "node2": "sv11"
        },
        {
                "node1": "s16",
                "linkopts": {"bw": 1000},
                "node2": "sv12"
        },
        {
                "node1": "s17",
                "linkopts": {"bw": 1000},
                "node2": "sv13"
        },
        {
                "node1": "s18",
                "linkopts": {"bw": 1000},
                "node2": "sv14"
        },
        {
                "node1": "s19",
                "linkopts": {"bw": 1000},
                "node2": "sv15"
        },
        {
                "node1": "s20",
                "linkopts": {"bw": 1000},
                "node2": "sv16"
        },
        {
                "node1": "s21",
                "linkopts": {"bw": 1000},
                "node2": "sv17"
        },
        {
                "node1": "s22",
                "linkopts": {"bw": 1000},
                "node2": "sv18"
        },
        {
                "node1": "s23",
                "linkopts": {"bw": 1000},
                "node2": "sv19"
        },
        {
                "node1": "s24",
                "linkopts": {"bw": 1000},
                "node2": "sv20"
        },
        {
                "node1": "s25",
                "linkopts": {"bw": 1000},
                "node2": "sv21"
        },
        {
                "node1": "s13",
                "linkopts": {"bw": 1000},
                "node2": "sv22"
        },
        {
                "node1": "s14",
                "linkopts": {"bw": 1000},
                "node2": "sv23"
        },
        {
                "node1": "s15",
                "linkopts": {"bw": 1000},
                "node2": "sv24"
        },
        {
                "node1": "s16",
                "linkopts": {"bw": 1000},
                "node2": "sv25"
        },
        {
                "node1": "s17",
                "linkopts": {"bw": 1000},
                "node2": "sv26"
        },
        {
                "node1": "s18",
                "linkopts": {"bw": 1000},
                "node2": "sv27"
        },
        {
                "node1": "s19",
                "linkopts": {"bw": 1000},
                "node2": "sv28"
        },
        {
                "node1": "s20",
                "linkopts": {"bw": 1000},
                "node2": "sv29"
        },
        {
                "node1": "s21",
                "linkopts": {"bw": 1000},
                "node2": "sv30"
        },
        {
                "node1": "s22",
                "linkopts": {"bw": 1000},
                "node2": "sv31"
        },
        {
                "node1": "s23",
                "linkopts": {"bw": 1000},
                "node2": "sv32"
        },
        {
                "node1": "s24",
                "linkopts": {"bw": 1000},
                "node2": "sv33"
        },
        {
                "node1": "s25",
                "linkopts": {"bw": 1000},
                "node2": "sv34"
        },
        {
                "node1": "s13",
                "linkopts": {"bw": 1000},
                "node2": "sv35"
        },
        {
                "node1": "s14",
                "linkopts": {"bw": 1000},
                "node2": "sv36"
        },
        {
                "node1": "s15",
                "linkopts": {"bw": 1000},
                "node2": "sv37"
        },
        {
                "node1": "s16",
                "linkopts": {"bw": 1000},
                "node2": "sv38"
        },
        {
                "node1": "s17",
                "linkopts": {"bw": 1000},
                "node2": "sv39"
        },
        {
                "node1": "s18",
                "linkopts": {"bw": 1000},
                "node2": "sv40"
        },
        {
                "node1": "s19",
                "linkopts": {"bw": 1000},
                "node2": "sv41"
        },
        {
                "node1": "s20",
                "linkopts": {"bw": 1000},
                "node2": "sv42"
        },
        {
                "node1": "s21",
                "linkopts": {"bw": 1000},
                "node2": "sv43"
        },
        {
                "node1": "s22",
                "linkopts": {"bw": 1000},
                "node2": "sv44"
        },
        {
                "node1": "s23",
                "linkopts": {"bw": 1000},
                "node2": "sv45"
        },
        {
                "node1": "s24",
                "linkopts": {"bw": 1000},
                "node2": "sv46"
        },
        {
                "node1": "s25",
                "linkopts": {"bw": 1000},
                "node2": "sv47"
        },
        {
                "node1": "s13",
                "linkopts": {"bw": 1000},
                "node2": "sv48"
        },
        {
                "node1": "s14",
                "linkopts": {"bw": 1000},
                "node2": "sv49"
        },
        {
                "node1": "s15",
                "linkopts": {"bw": 1000},
                "node2": "sv50"
        },
        {
                "node1": "s16",
                "linkopts": {"bw": 1000},
                "node2": "sv51"
        },
        {
                "node1": "s17",
                "linkopts": {"bw": 1000},
                "node2": "sv52"
        },
        {
                "node1": "s18",
                "linkopts": {"bw": 1000},
                "node2": "sv53"
        },
        {
                "node1": "s19",
                "linkopts": {"bw": 1000},
                "node2": "sv54"
        },
        {
                "node1": "s20",
                "linkopts": {"bw": 1000},
                "node2": "sv55"
        },
        {
                "node1": "s21",
                "linkopts": {"bw": 1000},
                "node2": "sv56"
        },
        {
                "node1": "s22",
                "linkopts": {"bw": 1000},
                "node2": "sv57"
        },
        {
                "node1": "s23",
                "linkopts": {"bw": 1000},
                "node2": "sv58"
        },
        {
                "node1": "s24",
                "linkopts": {"bw": 1000},
                "node2": "sv59"
        },
        {
                "node1": "s25",
                "linkopts": {"bw": 1000},
                "node2": "sv60"
        },
        {
                "node1": "s13",
                "linkopts": {"bw": 1000},
                "node2": "sv61"
        },
        {
                "node1": "s14",
                "linkopts": {"bw": 1000},
                "node2": "sv62"
        },
        {
                "node1": "s15",
                "linkopts": {"bw": 1000},
                "node2": "sv63"
        },
        {
                "node1": "s16",
                "linkopts": {"bw": 1000},
                "node2": "sv64"
        },
        {
                "node1": "s17",
                "linkopts": {"bw": 1000},
                "node2": "sv65"
        }
]
}
