{
"nodes": [
        {
                "name": "department",
                "type": "PC",
                "properties": {}
        },
        {
                "name": "localUA",
                "type": "UA",
                "properties": {}
        },
        {
                "name": "generalOA",
                "type": "OA",
                "properties": {}
        },
        {
                "name": "h1",
                "type": "U",
                "properties": {}
        },
        {
                "name": "h2",
                "type": "U",
                "properties": {}
        },
        {
                "name": "h3",
                "type": "U",
                "properties": {}
        },
        {
                "name": "h4",
                "type": "U",
                "properties": {}
        },
        {
                "name": "h5",
                "type": "U",
                "properties": {}
        },
        {
                "name": "h6",
                "type": "U",
                "properties": {}
        },
        {
                "name": "h7",
                "type": "U",
                "properties": {}
        },
        {
                "name": "h8",
                "type": "U",
                "properties": {}
        },
        {
                "name": "h9",
                "type": "U",
                "properties": {}
        },
        {
                "name": "h10",
                "type": "U",
                "properties": {}
        },
        {
                "name": "h11",
                "type": "U",
                "properties": {}
        },
        {
                "name": "h12",
                "type": "U",
                "properties": {}
        },
        {
                "name": "h13",
                "type": "U",
                "properties": {}
        },
        {
                "name": "h14",
                "type": "U",
                "properties": {}
        },
        {
                "name": "h15",
                "type": "U",
                "properties": {}
        },
        {
                "name": "h16",
                "type": "U",
                "properties": {}
        },
        {
                "name": "h17",
                "type": "U",
                "properties": {}
        },
        {
                "name": "h18",
                "type": "U",
                "properties": {}
        },
        {
                "name": "h19",
                "type": "U",
                "properties": {}
        },
        {
                "name": "h20",
                "type": "U",
                "properties": {}
        },
        {
                "name": "h21",
                "type": "U",
                "properties": {}
        },
        {
                "name": "h22",
                "type": "U",
                "properties": {}
        },
        {
                "name": "h23",
                "type": "U",
                "properties": {}
        },
        {
                "name": "h24",
                "type": "U",
                "properties": {}
        },
        {
                "name": "h25",
                "type": "U",
                "properties": {}
        },
        {
                "name": "h26",
                "type": "U",
                "properties": {}
        },
        {
                "name": "h27",
                "type": "U",
                "properties": {}
        },
        {
                "name": "h28",
                "type": "U",
                "properties": {}
        },
        {
                "name": "h29",
                "type": "U",
                "properties": {}
        },
        {
                "name": "h30",
                "type": "U",
                "properties": {}
        },
        {
                "name": "h31",
                "type": "U",
                "properties": {}
        },
        {
                "name": "h32",
                "type": "U",
                "properties": {}
        },
        {
                "name": "h33",
                "type": "U",
                "properties": {}
        },
        {
                "name": "h34",
                "type": "U",
                "properties": {}
        },
        {
                "name": "h35",
                "type": "U",
                "properties": {}
        },
        {
                "name": "h36",
                "type": "U",
                "properties": {}
        },
        {
                "name": "h37",
                "type": "U",
                "properties": {}
        },
        {
                "name": "h38",
                "type": "U",
                "properties": {}
        },
        {
                "name": "h39",
                "type": "U",
                "properties": {}
        },
        {
                "name": "h40",
                "type": "U",
                "properties": {}
        },
        {
                "name": "h41",
                "type": "U",
                "properties": {}
        },
        {
                "name": "h42",
                "type": "U",
                "properties": {}
        },
        {
                "name": "h43",
                "type": "U",
                "properties": {}
        },
        {
                "name": "h44",
                "type": "U",
                "properties": {}
        },
        {
                "name": "h45",
                "type": "U",
                "properties": {}
        },
        {
                "name": "h46",
                "type": "U",
                "properties": {}
        },
        {
                "name": "h47",
                "type": "U",
                "properties": {}
        },
        {
                "name": "h48",
                "type": "U",
                "properties": {}
        },
        {
                "name": "h49",
                "type": "U",
                "properties": {}
        },
        {
                "name": "h50",
                "type": "U",
                "properties": {}
        },
        {
                "name": "h51",
                "type": "U",
                "properties": {}
        },
        {
                "name": "h52",
                "type": "U",
                "properties": {}
        },
        {
                "name": "h53",
                "type": "U",
                "properties": {}
        },
        {
                "name": "h54",
                "type": "U",
                "properties": {}
        },
        {
                "name": "h55",
                "type": "U",
                "properties": {}
        },
        {
                "name": "h56",
                "type": "U",
                "properties": {}
        },
        {
                "name": "h57",
                "type": "U",
                "properties": {}
        },
        {
                "name": "h58",
                "type": "U",
                "properties": {}
        },
        {
                "name": "h59",
                "type": "U",
                "properties": {}
        },
        {
                "name": "h60",
                "type": "U",
                "properties": {}
        },
        {
                "name": "h61",
                "type": "U",
                "properties": {}
        },
        {
                "name": "h62",
                "type": "U",
                "properties": {}
        },
        {
                "name": "h63",
                "type": "U",
                "properties": {}
        },
        {
                "name": "h64",
                "type": "U",
                "properties": {}
        },
        {
                "name": "h65",
                "type": "U",
                "properties": {}
        },
        {
                "name": "h66",
                "type": "U",
                "properties": {}
        },
        {
                "name": "h67",
                "type": "U",
                "properties": {}
        },
        {
                "name": "h68",
                "type": "U",
                "properties": {}
        },
        {
                "name": "h69",
                "type": "U",
                "properties": {}
        },
        {
                "name": "h70",
                "type": "U",
                "properties": {}
        },
        {
                "name": "h71",
                "type": "U",
                "properties": {}
        },
        {
                "name": "h72",
                "type": "U",
                "properties": {}
        },
        {
                "name": "h73",
                "type": "U",
                "properties": {}
        },
        {
                "name": "h74",
                "type": "U",
                "properties": {}
        },
        {
                "name": "h75",
                "type": "U",
                "properties": {}
        },
        {
                "name": "h76",
                "type": "U",
                "properties": {}
        },
        {
                "name": "h77",
                "type": "U",
                "properties": {}
        },
        {
                "name": "h78",
                "type": "U",
                "properties": {}
        },
        {
                "name": "h79",
                "type": "U",
                "properties": {}
        },
        {
                "name": "h80",
                "type": "U",
                "properties": {}
        },
        {
                "name": "h81",
                "type": "U",
                "properties": {}
        },
        {
                "name": "h82",
                "type": "U",
                "properties": {}
        },
        {
                "name": "h83",
                "type": "U",
                "properties": {}
        },
        {
                "name": "h84",
                "type": "U",
                "properties": {}
        },
        {
                "name": "h85",
                "type": "U",
                "properties": {}
        },
        {
                "name": "h86",
                "type": "U",
                "properties": {}
        },
        {
                "name": "h87",
                "type": "U",
                "properties": {}
        },
        {
                "name": "h88",
                "type": "U",
                "properties": {}
        },
        {
                "name": "h89",
                "type": "U",
                "properties": {}
        },
        {
                "name": "h90",
                "type": "U",
                "properties": {}
        },
        {
                "name": "h91",
                "type": "U",
                "properties": {}
        },
        {
                "name": "h92",
                "type": "U",
                "properties": {}
        },
        {
                "name": "h93",
                "type": "U",
                "properties": {}
        },
        {
                "name": "h94",
                "type": "U",
                "properties": {}
        },
        {
                "name": "h95",
                "type": "U",
                "properties": {}
        },
        {
                "name": "h96",
                "type": "U",
                "properties": {}
        },
        {
                "name": "h97",
                "type": "U",
                "properties": {}
        },
        {
                "name": "h98",
                "type": "U",
                "properties": {}
        },
        {
                "name": "h99",
                "type": "U",
                "properties": {}
        },
        {
                "name": "h100",
                "type": "U",
                "properties": {}
        },
        {
                "name": "h101",
                "type": "U",
                "properties": {}
        },
        {
                "name": "h102",
                "type": "U",
                "properties": {}
        },
        {
                "name": "h103",
                "type": "U",
                "properties": {}
        },
        {
                "name": "h104",
                "type": "U",
                "properties": {}
        },
        {
                "name": "h105",
                "type": "U",
                "properties": {}
        },
        {
                "name": "h106",
                "type": "U",
                "properties": {}
        },
        {
                "name": "h107",
                "type": "U",
                "properties": {}
        },
        {
                "name": "h108",
                "type": "U",
                "properties": {}
        },
        {
                "name": "h109",
                "type": "U",
                "properties": {}
        },
        {
                "name": "h110",
                "type": "U",
                "properties": {}
        },
        {
                "name": "h111",
                "type": "U",
                "properties": {}
        },
        {
                "name": "h112",
                "type": "U",
                "properties": {}
        },
        {
                "name": "h113",
                "type": "U",
                "properties": {}
        },
        {
                "name": "h114",
                "type": "U",
                "properties": {}
        },
        {
                "name": "h115",
                "type": "U",
                "properties": {}
        },
        {
                "name": "h116",
                "type": "U",
                "properties": {}
        },
        {
                "name": "h117",
                "type": "U",
                "properties": {}
        },
        {
                "name": "h118",
                "type": "U",
                "properties": {}
        },
        {
                "name": "h119",
                "type": "U",
                "properties": {}
        },
        {
                "name": "h120",
                "type": "U",
                "properties": {}
        },
        {
                "name": "h121",
                "type": "U",
                "properties": {}
        },
        {
                "name": "h122",
                "type": "U",
                "properties": {}
        },
        {
                "name": "h123",
                "type": "U",
                "properties": {}
        },
        {
                "name": "h124",
                "type": "U",
                "properties": {}
        },
        {
                "name": "h125",
                "type": "U",
                "properties": {}
        },
        {
                "name": "h126",
                "type": "U",
                "properties": {}
        },
        {
                "name": "h127",
                "type": "U",
                "properties": {}
        },
        {
                "name": "h128",
                "type": "U",
                "properties": {}
        },
        {
                "name": "h129",
                "type": "U",
                "properties": {}
        },
        {
                "name": "h130",
                "type": "U",
                "properties": {}
        },
        {
                "name": "h131",
                "type": "U",
                "properties": {}
        },
        {
                "name": "h132",
                "type": "U",
                "properties": {}
        },
        {
                "name": "h133",
                "type": "U",
                "properties": {}
        },
        {
                "name": "h134",
                "type": "U",
                "properties": {}
        },
        {
                "name": "h135",
                "type": "U",
                "properties": {}
        },
        {
                "name": "sv1",
                "type": "O",
                "properties": {}
        },
        {
                "name": "sv2",
                "type": "O",
                "properties": {}
        },
        {
                "name": "sv3",
                "type": "O",
                "properties": {}
        },
        {
                "name": "sv4",
                "type": "O",
                "properties": {}
        },
        {
                "name": "sv5",
                "type": "O",
                "properties": {}
        },
        {
                "name": "sv6",
                "type": "O",
                "properties": {}
        },
        {
                "name": "sv7",
                "type": "O",
                "properties": {}
        },
        {
                "name": "sv8",
                "type": "O",
                "properties": {}
        },
        {
                "name": "sv9",
                "type": "O",
                "properties": {}
        },
        {
                "name": "sv10",
                "type": "O",
                "properties": {}
        },
        {
                "name": "sv11",
                "type": "O",
                "properties": {}
        },
        {
                "name": "sv12",
                "type": "O",
                "properties": {}
        },
        {
                "name": "sv13",
                "type": "O",
                "properties": {}
        },
        {
                "name": "sv14",
                "type": "O",
                "properties": {}
        },
        {
                "name": "sv15",
                "type": "O",
                "properties": {}
        },
        {
                "name": "sv16",
                "type": "O",
                "properties": {}
        },
        {
                "name": "sv17",
                "type": "O",
                "properties": {}
        },
        {
                "name": "sv18",
                "type": "O",
                "properties": {}
        },
        {
                "name": "sv19",
                "type": "O",
                "properties": {}
        },
        {
                "name": "sv20",
                "type": "O",
                "properties": {}
        },
        {
                "name": "sv21",
                "type": "O",
                "properties": {}
        },
        {
                "name": "sv22",
                "type": "O",
                "properties": {}
        },
        {
                "name": "sv23",
                "type": "O",
                "properties": {}
        },
        {
                "name": "sv24",
                "type": "O",
                "properties": {}
        },
        {
                "name": "sv25",
                "type": "O",
                "properties": {}
        },
        {
                "name": "sv26",
                "type": "O",
                "properties": {}
        },
        {
                "name": "sv27",
                "type": "O",
                "properties": {}
        },
        {
                "name": "sv28",
                "type": "O",
                "properties": {}
        },
        {
                "name": "sv29",
                "type": "O",
                "properties": {}
        },
        {
                "name": "sv30",
                "type": "O",
                "properties": {}
        },
        {
                "name": "sv31",
                "type": "O",
                "properties": {}
        },
        {
                "name": "sv32",
                "type": "O",
                "properties": {}
        },
        {
                "name": "sv33",
                "type": "O",
                "properties": {}
        },
        {
                "name": "sv34",
                "type": "O",
                "properties": {}
        },
        {
                "name": "sv35",
                "type": "O",
                "properties": {}
        },
        {
                "name": "sv36",
                "type": "O",
                "properties": {}
        },
        {
                "name": "sv37",
                "type": "O",
                "properties": {}
        },
        {
                "name": "sv38",
                "type": "O",
                "properties": {}
        },
        {
                "name": "sv39",
                "type": "O",
                "properties": {}
        },
        {
                "name": "sv40",
                "type": "O",
                "properties": {}
        },
        {
                "name": "sv41",
                "type": "O",
                "properties": {}
        },
        {
                "name": "sv42",
                "type": "O",
                "properties": {}
        },
        {
                "name": "sv43",
                "type": "O",
                "properties": {}
        },
        {
                "name": "sv44",
                "type": "O",
                "properties": {}
        },
        {
                "name": "sv45",
                "type": "O",
                "properties": {}
        },
        {
                "name": "sv46",
                "type": "O",
                "properties": {}
        },
        {
                "name": "sv47",
                "type": "O",
                "properties": {}
        },
        {
                "name": "sv48",
                "type": "O",
                "properties": {}
        },
        {
                "name": "sv49",
                "type": "O",
                "properties": {}
        },
        {
                "name": "sv50",
                "type": "O",
                "properties": {}
        },
        {
                "name": "sv51",
                "type": "O",
                "properties": {}
        },
        {
                "name": "sv52",
                "type": "O",
                "properties": {}
        },
        {
                "name": "sv53",
                "type": "O",
                "properties": {}
        },
        {
                "name": "sv54",
                "type": "O",
                "properties": {}
        },
        {
                "name": "sv55",
                "type": "O",
                "properties": {}
        },
        {
                "name": "sv56",
                "type": "O",
                "properties": {}
        },
        {
                "name": "sv57",
                "type": "O",
                "properties": {}
        },
        {
                "name": "sv58",
                "type": "O",
                "properties": {}
        },
        {
                "name": "sv59",
                "type": "O",
                "properties": {}
        },
        {
                "name": "sv60",
                "type": "O",
                "properties": {}
        },
        {
                "name": "sv61",
                "type": "O",
                "properties": {}
        },
        {
                "name": "sv62",
                "type": "O",
                "properties": {}
        },
        {
                "name": "sv63",
                "type": "O",
                "properties": {}
        },
        {
                "name": "sv64",
                "type": "O",
                "properties": {}
        },
        {
                "name": "sv65",
                "type": "O",
                "properties": {}
        }
],
"assignments": [
        {
                "source": "localUA",
                "target": "department"
        },
        {
                "source": "generalOA",
                "target": "department"
        },
        {
                "source": "h1",
                "target": "localUA"
        },
        {
                "source": "h2",
                "target": "localUA"
        },
        {
                "source": "h3",
                "target": "localUA"
        },
        {
                "source": "h4",
                "target": "localUA"
        },
        {
                "source": "h5",
                "target": "localUA"
        },
        {
                "source": "h6",
                "target": "localUA"
        },
        {
                "source": "h7",
                "target": "localUA"
        },
        {
                "source": "h8",
                "target": "localUA"
        },
        {
                "source": "h9",
                "target": "localUA"
        },
        {
                "source": "h10",
                "target": "localUA"
        },
        {
                "source": "h11",
                "target": "localUA"
        },
        {
                "source": "h12",
                "target": "localUA"
        },
        {
                "source": "h13",
                "target": "localUA"
        },
        {
                "source": "h14",
                "target": "localUA"
        },
        {
                "source": "h15",
                "target": "localUA"
        },
        {
                "source": "h16",
                "target": "localUA"
        },
        {
                "source": "h17",
                "target": "localUA"
        },
        {
                "source": "h18",
                "target": "localUA"
        },
        {
                "source": "h19",
                "target": "localUA"
        },
        {
                "source": "h20",
                "target": "localUA"
        },
        {
                "source": "h21",
                "target": "localUA"
        },
        {
                "source": "h22",
                "target": "localUA"
        },
        {
                "source": "h23",
                "target": "localUA"
        },
        {
                "source": "h24",
                "target": "localUA"
        },
        {
                "source": "h25",
                "target": "localUA"
        },
        {
                "source": "h26",
                "target": "localUA"
        },
        {
                "source": "h27",
                "target": "localUA"
        },
        {
                "source": "h28",
                "target": "localUA"
        },
        {
                "source": "h29",
                "target": "localUA"
        },
        {
                "source": "h30",
                "target": "localUA"
        },
        {
                "source": "h31",
                "target": "localUA"
        },
        {
                "source": "h32",
                "target": "localUA"
        },
        {
                "source": "h33",
                "target": "localUA"
        },
        {
                "source": "h34",
                "target": "localUA"
        },
        {
                "source": "h35",
                "target": "localUA"
        },
        {
                "source": "h36",
                "target": "localUA"
        },
        {
                "source": "h37",
                "target": "localUA"
        },
        {
                "source": "h38",
                "target": "localUA"
        },
        {
                "source": "h39",
                "target": "localUA"
        },
        {
                "source": "h40",
                "target": "localUA"
        },
        {
                "source": "h41",
                "target": "localUA"
        },
        {
                "source": "h42",
                "target": "localUA"
        },
        {
                "source": "h43",
                "target": "localUA"
        },
        {
                "source": "h44",
                "target": "localUA"
        },
        {
                "source": "h45",
                "target": "localUA"
        },
        {
                "source": "h46",
                "target": "localUA"
        },
        {
                "source": "h47",
                "target": "localUA"
        },
        {
                "source": "h48",
                "target": "localUA"
        },
        {
                "source": "h49",
                "target": "localUA"
        },
        {
                "source": "h50",
                "target": "localUA"
        },
        {
                "source": "h51",
                "target": "localUA"
        },
        {
                "source": "h52",
                "target": "localUA"
        },
        {
                "source": "h53",
                "target": "localUA"
        },
        {
                "source": "h54",
                "target": "localUA"
        },
        {
                "source": "h55",
                "target": "localUA"
        },
        {
                "source": "h56",
                "target": "localUA"
        },
        {
                "source": "h57",
                "target": "localUA"
        },
        {
                "source": "h58",
                "target": "localUA"
        },
        {
                "source": "h59",
                "target": "localUA"
        },
        {
                "source": "h60",
                "target": "localUA"
        },
        {
                "source": "h61",
                "target": "localUA"
        },
        {
                "source": "h62",
                "target": "localUA"
        },
        {
                "source": "h63",
                "target": "localUA"
        },
        {
                "source": "h64",
                "target": "localUA"
        },
        {
                "source": "h65",
                "target": "localUA"
        },
        {
                "source": "h66",
                "target": "localUA"
        },
        {
                "source": "h67",
                "target": "localUA"
        },
        {
                "source": "h68",
                "target": "localUA"
        },
        {
                "source": "h69",
                "target": "localUA"
        },
        {
                "source": "h70",
                "target": "localUA"
        },
        {
                "source": "h71",
                "target": "localUA"
        },
        {
                "source": "h72",
                "target": "localUA"
        },
        {
                "source": "h73",
                "target": "localUA"
        },
        {
                "source": "h74",
                "target": "localUA"
        },
        {
                "source": "h75",
                "target": "localUA"
        },
        {
                "source": "h76",
                "target": "localUA"
        },
        {
                "source": "h77",
                "target": "localUA"
        },
        {
                "source": "h78",
                "target": "localUA"
        },
        {
                "source": "h79",
                "target": "localUA"
        },
        {
                "source": "h80",
                "target": "localUA"
        },
        {
                "source": "h81",
                "target": "localUA"
        },
        {
                "source": "h82",
                "target": "localUA"
        },
        {
                "source": "h83",
                "target": "localUA"
        },
        {
                "source": "h84",
                "target": "localUA"
        },
        {
                "source": "h85",
                "target": "localUA"
        },
        {
                "source": "h86",
                "target": "localUA"
        },
        {
                "source": "h87",
                "target": "localUA"
        },
        {
                "source": "h88",
                "target": "localUA"
        },
        {
                "source": "h89",
                "target": "localUA"
        },
        {
                "source": "h90",
                "target": "localUA"
        },
        {
                "source": "h91",
                "target": "localUA"
        },
        {
                "source": "h92",
                "target": "localUA"
        },
        {
                "source": "h93",
                "target": "localUA"
        },
        {
                "source": "h94",
                "target": "localUA"
        },
        {
                "source": "h95",
                "target": "localUA"
        },
        {
                "source": "h96",
                "target": "localUA"
        },
        {
                "source": "h97",
                "target": "localUA"
        },
        {
                "source": "h98",
                "target": "localUA"
        },
        {
                "source": "h99",
                "target": "localUA"
        },
        {
                "source": "h100",
                "target": "localUA"
        },
        {
                "source": "h101",
                "target": "localUA"
        },
        {
                "source": "h102",
                "target": "localUA"
        },
        {
                "source": "h103",
                "target": "localUA"
        },
        {
                "source": "h104",
                "target": "localUA"
        },
        {
                "source": "h105",
                "target": "localUA"
        },
        {
                "source": "h106",
                "target": "localUA"
        },
        {
                "source": "h107",
                "target": "localUA"
        },
        {
                "source": "h108",
                "target": "localUA"
        },
        {
                "source": "h109",
                "target": "localUA"
        },
        {
                "source": "h110",
                "target": "localUA"
        },
        {
                "source": "h111",
                "target": "localUA"
        },
        {
                "source": "h112",
                "target": "localUA"
        },
        {
                "source": "h113",
                "target": "localUA"
        },
        {
                "source": "h114",
                "target": "localUA"
        },
        {
                "source": "h115",
                "target": "localUA"
        },
        {
                "source": "h116",
                "target": "localUA"
        },
        {
                "source": "h117",
                "target": "localUA"
        },
        {
                "source": "h118",
                "target": "localUA"
        },
        {
                "source": "h119",
                "target": "localUA"
        },
        {
                "source": "h120",
                "target": "localUA"
        },
        {
                "source": "h121",
                "target": "localUA"
        },
        {
                "source": "h122",
                "target": "localUA"
        },
        {
                "source": "h123",
                "target": "localUA"
        },
        {
                "source": "h124",
                "target": "localUA"
        },
        {
                "source": "h125",
                "target": "localUA"
        },
        {
                "source": "h126",
                "target": "localUA"
        },
        {
                "source": "h127",
                "target": "localUA"
        },
        {
                "source": "h128",
                "target": "localUA"
        },
        {
                "source": "h129",
                "target": "localUA"
        },
        {
                "source": "h130",
                "target": "localUA"
        },
        {
                "source": "h131",
                "target": "localUA"
        },
        {
                "source": "h132",
                "target": "localUA"
        },
        {
                "source": "h133",
                "target": "localUA"
        },
        {
                "source": "h134",
                "target": "localUA"
        },
        {
                "source": "h135",
                "target": "localUA"
        },
        {
                "source": "sv1",
                "target": "generalOA"
        },
        {
                "source": "sv2",
                "target": "generalOA"
        },
        {
                "source": "sv3",
                "target": "generalOA"
        },
        {
                "source": "sv4",
                "target": "generalOA"
        },
        {
                "source": "sv5",
                "target": "generalOA"
        },
        {
                "source": "sv6",
                "target": "generalOA"
        },
        {
                "source": "sv7",
                "target": "generalOA"
        },
        {
                "source": "sv8",
                "target": "generalOA"
        },
        {
                "source": "sv9",
                "target": "generalOA"
        },
        {
                "source": "sv10",
                "target": "generalOA"
        },
        {
                "source": "sv11",
                "target": "generalOA"
        },
        {
                "source": "sv12",
                "target": "generalOA"
        },
        {
                "source": "sv13",
                "target": "generalOA"
        },
        {
                "source": "sv14",
                "target": "generalOA"
        },
        {
                "source": "sv15",
                "target": "generalOA"
        },
        {
                "source": "sv16",
                "target": "generalOA"
        },
        {
                "source": "sv17",
                "target": "generalOA"
        },
        {
                "source": "sv18",
                "target": "generalOA"
        },
        {
                "source": "sv19",
                "target": "generalOA"
        },
        {
                "source": "sv20",
                "target": "generalOA"
        },
        {
                "source": "sv21",
                "target": "generalOA"
        },
        {
                "source": "sv22",
                "target": "generalOA"
        },
        {
                "source": "sv23",
                "target": "generalOA"
        },
        {
                "source": "sv24",
                "target": "generalOA"
        },
        {
                "source": "sv25",
                "target": "generalOA"
        },
        {
                "source": "sv26",
                "target": "generalOA"
        },
        {
                "source": "sv27",
                "target": "generalOA"
        },
        {
                "source": "sv28",
                "target": "generalOA"
        },
        {
                "source": "sv29",
                "target": "generalOA"
        },
        {
                "source": "sv30",
                "target": "generalOA"
        },
        {
                "source": "sv31",
                "target": "generalOA"
        },
        {
                "source": "sv32",
                "target": "generalOA"
        },
        {
                "source": "sv33",
                "target": "generalOA"
        },
        {
                "source": "sv34",
                "target": "generalOA"
        },
        {
                "source": "sv35",
                "target": "generalOA"
        },
        {
                "source": "sv36",
                "target": "generalOA"
        },
        {
                "source": "sv37",
                "target": "generalOA"
        },
        {
                "source": "sv38",
                "target": "generalOA"
        },
        {
                "source": "sv39",
                "target": "generalOA"
        },
        {
                "source": "sv40",
                "target": "generalOA"
        },
        {
                "source": "sv41",
                "target": "generalOA"
        },
        {
                "source": "sv42",
                "target": "generalOA"
        },
        {
                "source": "sv43",
                "target": "generalOA"
        },
        {
                "source": "sv44",
                "target": "generalOA"
        },
        {
                "source": "sv45",
                "target": "generalOA"
        },
        {
                "source": "sv46",
                "target": "generalOA"
        },
        {
                "source": "sv47",
                "target": "generalOA"
        },
        {
                "source": "sv48",
                "target": "generalOA"
        },
        {
                "source": "sv49",
                "target": "generalOA"
        },
        {
                "source": "sv50",
                "target": "generalOA"
        },
        {
                "source": "sv51",
                "target": "generalOA"
        },
        {
                "source": "sv52",
                "target": "generalOA"
        },
        {
                "source": "sv53",
                "target": "generalOA"
        },
        {
                "source": "sv54",
                "target": "generalOA"
        },
        {
                "source": "sv55",
                "target": "generalOA"
        },
        {
                "source": "sv56",
                "target": "generalOA"
        },
        {
                "source": "sv57",
                "target": "generalOA"
        },
        {
                "source": "sv58",
                "target": "generalOA"
        },
        {
                "source": "sv59",
                "target": "generalOA"
        },
        {
                "source": "sv60",
                "target": "generalOA"
        },
        {
                "source": "sv61",
                "target": "generalOA"
        },
        {
                "source": "sv62",
                "target": "generalOA"
        },
        {
                "source": "sv63",
                "target": "generalOA"
        },
        {
                "source": "sv64",
                "target": "generalOA"
        },
        {
                "source": "sv65",
                "target": "generalOA"
        }
],
"associations": [
        {
                "source": "localUA",
                "target": "generalOA",
                "operations": ["arp","tcp/443","icmp/","tcp/80","tcp/81","tcp/82","tcp/83","tcp/84","tcp/85","tcp/86","tcp/87","tcp/88","tcp/89","tcp/90","tcp/91","tcp/92","tcp/93","tcp/94","tcp/95","tcp/96","tcp/97","tcp/98","tcp/99","tcp/100","tcp/101","tcp/102","tcp/103","tcp/104","tcp/105","tcp/106","tcp/107","tcp/108","tcp/109","tcp/110","tcp/111","tcp/112","tcp/113","tcp/114","tcp/115","tcp/116","tcp/117","tcp/118","tcp/119","tcp/120","tcp/121","tcp/122","tcp/123","tcp/124","tcp/125","tcp/126","tcp/127","tcp/128","tcp/129","tcp/130","tcp/131","tcp/132","tcp/133","tcp/134","tcp/135","tcp/136","tcp/137","tcp/138","tcp/139","tcp/140","tcp/141","tcp/142","tcp/143","tcp/144","tcp/145","tcp/146","tcp/147","tcp/148","tcp/149","tcp/150","tcp/151","tcp/152","tcp/153","tcp/154","tcp/155","tcp/156","tcp/157","tcp/158","tcp/159","tcp/160","tcp/161","tcp/162","tcp/163","tcp/164","tcp/165","tcp/166","tcp/167","tcp/168","tcp/169","tcp/170","tcp/171","tcp/172","tcp/173","tcp/174","tcp/175","tcp/176","tcp/177","tcp/178","tcp/179","tcp/180","tcp/181","tcp/182","tcp/183","tcp/184","tcp/185","tcp/186","tcp/187","tcp/188","tcp/189","tcp/190","tcp/191","tcp/192","tcp/193","tcp/194","tcp/195","tcp/196","tcp/197","tcp/198","tcp/199","tcp/200","tcp/201","tcp/202","tcp/203","tcp/204","tcp/205","tcp/206","tcp/207","tcp/208","tcp/209","tcp/210","tcp/211","tcp/212","tcp/213","tcp/214","tcp/215","tcp/216"]
        }
]}
