[
    {
        "Description": "switch", 
        "IP": "127.0.0.1", 
        "MAC": "0000000000000001", 
        "Type": "Switch", 
        "ID": "1", 
        "Name": "s1"
    }, 
    {
        "Description": "switch", 
        "IP": "127.0.0.1", 
        "MAC": "0000000000000002", 
        "Type": "Switch", 
        "ID": "2", 
        "Name": "s2"
    }, 
    {
        "Description": "switch", 
        "IP": "127.0.0.1", 
        "MAC": "0000000000000003", 
        "Type": "Switch", 
        "ID": "3", 
        "Name": "s3"
    }, 
    {
        "Description": "switch", 
        "IP": "127.0.0.1", 
        "MAC": "0000000000000004", 
        "Type": "Switch", 
        "ID": "4", 
        "Name": "s4"
    }, 
    {
        "Description": "switch", 
        "IP": "127.0.0.1", 
        "MAC": "0000000000000005", 
        "Type": "Switch", 
        "ID": "5", 
        "Name": "s5"
    }, 
    {
        "Description": "switch", 
        "IP": "127.0.0.1", 
        "MAC": "0000000000000006", 
        "Type": "Switch", 
        "ID": "6", 
        "Name": "s6"
    }, 
    {
        "Description": "switch", 
        "IP": "127.0.0.1", 
        "MAC": "0000000000000007", 
        "Type": "Switch", 
        "ID": "7", 
        "Name": "s7"
    }, 
    {
        "Description": "switch", 
        "IP": "127.0.0.1", 
        "MAC": "0000000000000008", 
        "Type": "Switch", 
        "ID": "8", 
        "Name": "s8"
    }, 
    {
        "Description": "switch", 
        "IP": "127.0.0.1", 
        "MAC": "0000000000000009", 
        "Type": "Switch", 
        "ID": "9", 
        "Name": "s9"
    }, 
    {
        "Description": "switch", 
        "IP": "127.0.0.1", 
        "MAC": "000000000000000a", 
        "Type": "Switch", 
        "ID": "10", 
        "Name": "s10"
    }, 
    {
        "Description": "switch", 
        "IP": "127.0.0.1", 
        "MAC": "000000000000000b", 
        "Type": "Switch", 
        "ID": "11", 
        "Name": "s11"
    }, 
    {
        "Description": "switch", 
        "IP": "127.0.0.1", 
        "MAC": "000000000000000c", 
        "Type": "Switch", 
        "ID": "12", 
        "Name": "s12"
    }, 
    {
        "Description": "switch", 
        "IP": "127.0.0.1", 
        "MAC": "000000000000000d", 
        "Type": "Switch", 
        "ID": "13", 
        "Name": "s13"
    }, 
    {
        "Description": "switch", 
        "IP": "127.0.0.1", 
        "MAC": "000000000000000e", 
        "Type": "Switch", 
        "ID": "14", 
        "Name": "s14"
    }, 
    {
        "Description": "switch", 
        "IP": "127.0.0.1", 
        "MAC": "000000000000000f", 
        "Type": "Switch", 
        "ID": "15", 
        "Name": "s15"
    }, 
    {
        "Description": "switch", 
        "IP": "127.0.0.1", 
        "MAC": "0000000000000010", 
        "Type": "Switch", 
        "ID": "16", 
        "Name": "s16"
    }, 
    {
        "Description": "switch", 
        "IP": "127.0.0.1", 
        "MAC": "0000000000000011", 
        "Type": "Switch", 
        "ID": "17", 
        "Name": "s17"
    }, 
    {
        "Description": "switch", 
        "IP": "127.0.0.1", 
        "MAC": "0000000000000012", 
        "Type": "Switch", 
        "ID": "18", 
        "Name": "s18"
    }, 
    {
        "Description": "switch", 
        "IP": "127.0.0.1", 
        "MAC": "0000000000000013", 
        "Type": "Switch", 
        "ID": "19", 
        "Name": "s19"
    }, 
    {
        "Description": "switch", 
        "IP": "127.0.0.1", 
        "MAC": "0000000000000014", 
        "Type": "Switch", 
        "ID": "20", 
        "Name": "s20"
    }, 
    {
        "Description": "switch", 
        "IP": "127.0.0.1", 
        "MAC": "0000000000000015", 
        "Type": "Switch", 
        "ID": "21", 
        "Name": "s21"
    }, 
    {
        "Description": "switch", 
        "IP": "127.0.0.1", 
        "MAC": "0000000000000016", 
        "Type": "Switch", 
        "ID": "22", 
        "Name": "s22"
    }, 
    {
        "Description": "switch", 
        "IP": "127.0.0.1", 
        "MAC": "0000000000000017", 
        "Type": "Switch", 
        "ID": "23", 
        "Name": "s23"
    }, 
    {
        "Description": "switch", 
        "IP": "127.0.0.1", 
        "MAC": "0000000000000018", 
        "Type": "Switch", 
        "ID": "24", 
        "Name": "s24"
    }, 
    {
        "Description": "switch", 
        "IP": "127.0.0.1", 
        "MAC": "0000000000000019", 
        "Type": "Switch", 
        "ID": "25", 
        "Name": "s25"
    }, 
    {
        "Description": "host", 
        "IP": "10.0.0.1", 
        "Port": "h1-eth0:s13-eth3", 
        "MAC": "00:00:00:00:00:01", 
        "Type": "Host", 
        "ID": "26", 
        "Name": "h1"
    }, 
    {
        "Description": "host", 
        "IP": "10.0.0.2", 
        "Port": "h2-eth0:s14-eth3", 
        "MAC": "00:00:00:00:00:02", 
        "Type": "Host", 
        "ID": "27", 
        "Name": "h2"
    }, 
    {
        "Description": "host", 
        "IP": "10.0.0.3", 
        "Port": "h3-eth0:s15-eth2", 
        "MAC": "00:00:00:00:00:03", 
        "Type": "Host", 
        "ID": "28", 
        "Name": "h3"
    }, 
    {
        "Description": "host", 
        "IP": "10.0.0.4", 
        "Port": "h4-eth0:s16-eth2", 
        "MAC": "00:00:00:00:00:04", 
        "Type": "Host", 
        "ID": "29", 
        "Name": "h4"
    }, 
    {
        "Description": "host", 
        "IP": "10.0.0.5", 
        "Port": "h5-eth0:s17-eth3", 
        "MAC": "00:00:00:00:00:05", 
        "Type": "Host", 
        "ID": "30", 
        "Name": "h5"
    }, 
    {
        "Description": "host", 
        "IP": "10.0.0.6", 
        "Port": "h6-eth0:s18-eth3", 
        "MAC": "00:00:00:00:00:06", 
        "Type": "Host", 
        "ID": "31", 
        "Name": "h6"
    }, 
    {
        "Description": "host", 
        "IP": "10.0.0.7", 
        "Port": "h7-eth0:s19-eth2", 
        "MAC": "00:00:00:00:00:07", 
        "Type": "Host", 
        "ID": "32", 
        "Name": "h7"
    }, 
    {
        "Description": "host", 
        "IP": "10.0.0.8", 
        "Port": "h8-eth0:s20-eth2", 
        "MAC": "00:00:00:00:00:08", 
        "Type": "Host", 
        "ID": "33", 
        "Name": "h8"
    }, 
    {
        "Description": "host", 
        "IP": "10.0.0.9", 
        "Port": "h9-eth0:s21-eth3", 
        "MAC": "00:00:00:00:00:09", 
        "Type": "Host", 
        "ID": "34", 
        "Name": "h9"
    }, 
    {
        "Description": "host", 
        "IP": "10.0.0.10", 
        "Port": "h10-eth0:s22-eth3", 
        "MAC": "00:00:00:00:00:0a", 
        "Type": "Host", 
        "ID": "35", 
        "Name": "h10"
    }, 
    {
        "Description": "host", 
        "IP": "10.0.0.11", 
        "Port": "h11-eth0:s23-eth2", 
        "MAC": "00:00:00:00:00:0b", 
        "Type": "Host", 
        "ID": "36", 
        "Name": "h11"
    }, 
    {
        "Description": "host", 
        "IP": "10.0.0.12", 
        "Port": "h12-eth0:s24-eth3", 
        "MAC": "00:00:00:00:00:0c", 
        "Type": "Host", 
        "ID": "37", 
        "Name": "h12"
    }, 
    {
        "Description": "host", 
        "IP": "10.0.0.13", 
        "Port": "h13-eth0:s25-eth3", 
        "MAC": "00:00:00:00:00:0d", 
        "Type": "Host", 
        "ID": "38", 
        "Name": "h13"
    }, 
    {
        "Description": "host", 
        "IP": "10.0.0.14", 
        "Port": "h14-eth0:s13-eth4", 
        "MAC": "00:00:00:00:00:0e", 
        "Type": "Host", 
        "ID": "39", 
        "Name": "h14"
    }, 
    {
        "Description": "host", 
        "IP": "10.0.0.15", 
        "Port": "h15-eth0:s14-eth4", 
        "MAC": "00:00:00:00:00:0f", 
        "Type": "Host", 
        "ID": "40", 
        "Name": "h15"
    }, 
    {
        "Description": "host", 
        "IP": "10.0.0.16", 
        "Port": "h16-eth0:s15-eth3", 
        "MAC": "00:00:00:00:00:10", 
        "Type": "Host", 
        "ID": "41", 
        "Name": "h16"
    }, 
    {
        "Description": "host", 
        "IP": "10.0.0.17", 
        "Port": "h17-eth0:s16-eth3", 
        "MAC": "00:00:00:00:00:11", 
        "Type": "Host", 
        "ID": "42", 
        "Name": "h17"
    }, 
    {
        "Description": "host", 
        "IP": "10.0.0.18", 
        "Port": "h18-eth0:s17-eth4", 
        "MAC": "00:00:00:00:00:12", 
        "Type": "Host", 
        "ID": "43", 
        "Name": "h18"
    }, 
    {
        "Description": "host", 
        "IP": "10.0.0.19", 
        "Port": "h19-eth0:s18-eth4", 
        "MAC": "00:00:00:00:00:13", 
        "Type": "Host", 
        "ID": "44", 
        "Name": "h19"
    }, 
    {
        "Description": "host", 
        "IP": "10.0.0.20", 
        "Port": "h20-eth0:s19-eth3", 
        "MAC": "00:00:00:00:00:14", 
        "Type": "Host", 
        "ID": "45", 
        "Name": "h20"
    }, 
    {
        "Description": "host", 
        "IP": "10.0.0.21", 
        "Port": "h21-eth0:s20-eth3", 
        "MAC": "00:00:00:00:00:15", 
        "Type": "Host", 
        "ID": "46", 
        "Name": "h21"
    }, 
    {
        "Description": "host", 
        "IP": "10.0.0.22", 
        "Port": "h22-eth0:s21-eth4", 
        "MAC": "00:00:00:00:00:16", 
        "Type": "Host", 
        "ID": "47", 
        "Name": "h22"
    }, 
    {
        "Description": "host", 
        "IP": "10.0.0.23", 
        "Port": "h23-eth0:s22-eth4", 
        "MAC": "00:00:00:00:00:17", 
        "Type": "Host", 
        "ID": "48", 
        "Name": "h23"
    }, 
    {
        "Description": "host", 
        "IP": "10.0.0.24", 
        "Port": "h24-eth0:s23-eth3", 
        "MAC": "00:00:00:00:00:18", 
        "Type": "Host", 
        "ID": "49", 
        "Name": "h24"
    }, 
    {
        "Description": "host", 
        "IP": "10.0.0.25", 
        "Port": "h25-eth0:s24-eth4", 
        "MAC": "00:00:00:00:00:19", 
        "Type": "Host", 
        "ID": "50", 
        "Name": "h25"
    }, 
    {
        "Description": "host", 
        "IP": "10.0.0.26", 
        "Port": "h26-eth0:s25-eth4", 
        "MAC": "00:00:00:00:00:1a", 
        "Type": "Host", 
        "ID": "51", 
        "Name": "h26"
    }, 
    {
        "Description": "host", 
        "IP": "10.0.0.27", 
        "Port": "h27-eth0:s13-eth5", 
        "MAC": "00:00:00:00:00:1b", 
        "Type": "Host", 
        "ID": "52", 
        "Name": "h27"
    }, 
    {
        "Description": "host", 
        "IP": "10.0.0.28", 
        "Port": "h28-eth0:s14-eth5", 
        "MAC": "00:00:00:00:00:1c", 
        "Type": "Host", 
        "ID": "53", 
        "Name": "h28"
    }, 
    {
        "Description": "host", 
        "IP": "10.0.0.29", 
        "Port": "h29-eth0:s15-eth4", 
        "MAC": "00:00:00:00:00:1d", 
        "Type": "Host", 
        "ID": "54", 
        "Name": "h29"
    }, 
    {
        "Description": "host", 
        "IP": "10.0.0.30", 
        "Port": "h30-eth0:s16-eth4", 
        "MAC": "00:00:00:00:00:1e", 
        "Type": "Host", 
        "ID": "55", 
        "Name": "h30"
    }, 
    {
        "Description": "host", 
        "IP": "10.0.0.31", 
        "Port": "h31-eth0:s17-eth5", 
        "MAC": "00:00:00:00:00:1f", 
        "Type": "Host", 
        "ID": "56", 
        "Name": "h31"
    }, 
    {
        "Description": "host", 
        "IP": "10.0.0.32", 
        "Port": "h32-eth0:s18-eth5", 
        "MAC": "00:00:00:00:00:20", 
        "Type": "Host", 
        "ID": "57", 
        "Name": "h32"
    }, 
    {
        "Description": "host", 
        "IP": "10.0.0.33", 
        "Port": "h33-eth0:s19-eth4", 
        "MAC": "00:00:00:00:00:21", 
        "Type": "Host", 
        "ID": "58", 
        "Name": "h33"
    }, 
    {
        "Description": "host", 
        "IP": "10.0.0.34", 
        "Port": "h34-eth0:s20-eth4", 
        "MAC": "00:00:00:00:00:22", 
        "Type": "Host", 
        "ID": "59", 
        "Name": "h34"
    }, 
    {
        "Description": "host", 
        "IP": "10.0.0.35", 
        "Port": "h35-eth0:s21-eth5", 
        "MAC": "00:00:00:00:00:23", 
        "Type": "Host", 
        "ID": "60", 
        "Name": "h35"
    }, 
    {
        "Description": "host", 
        "IP": "10.0.0.36", 
        "Port": "h36-eth0:s22-eth5", 
        "MAC": "00:00:00:00:00:24", 
        "Type": "Host", 
        "ID": "61", 
        "Name": "h36"
    }, 
    {
        "Description": "host", 
        "IP": "10.0.0.37", 
        "Port": "h37-eth0:s23-eth4", 
        "MAC": "00:00:00:00:00:25", 
        "Type": "Host", 
        "ID": "62", 
        "Name": "h37"
    }, 
    {
        "Description": "host", 
        "IP": "10.0.0.38", 
        "Port": "h38-eth0:s24-eth5", 
        "MAC": "00:00:00:00:00:26", 
        "Type": "Host", 
        "ID": "63", 
        "Name": "h38"
    }, 
    {
        "Description": "host", 
        "IP": "10.0.0.39", 
        "Port": "h39-eth0:s25-eth5", 
        "MAC": "00:00:00:00:00:27", 
        "Type": "Host", 
        "ID": "64", 
        "Name": "h39"
    }, 
    {
        "Description": "host", 
        "IP": "10.0.0.40", 
        "Port": "h40-eth0:s13-eth6", 
        "MAC": "00:00:00:00:00:28", 
        "Type": "Host", 
        "ID": "65", 
        "Name": "h40"
    }, 
    {
        "Description": "host", 
        "IP": "10.0.0.41", 
        "Port": "h41-eth0:s14-eth6", 
        "MAC": "00:00:00:00:00:29", 
        "Type": "Host", 
        "ID": "66", 
        "Name": "h41"
    }, 
    {
        "Description": "host", 
        "IP": "10.0.0.42", 
        "Port": "h42-eth0:s15-eth5", 
        "MAC": "00:00:00:00:00:2a", 
        "Type": "Host", 
        "ID": "67", 
        "Name": "h42"
    }, 
    {
        "Description": "host", 
        "IP": "10.0.0.43", 
        "Port": "h43-eth0:s16-eth5", 
        "MAC": "00:00:00:00:00:2b", 
        "Type": "Host", 
        "ID": "68", 
        "Name": "h43"
    }, 
    {
        "Description": "host", 
        "IP": "10.0.0.44", 
        "Port": "h44-eth0:s17-eth6", 
        "MAC": "00:00:00:00:00:2c", 
        "Type": "Host", 
        "ID": "69", 
        "Name": "h44"
    }, 
    {
        "Description": "host", 
        "IP": "10.0.0.45", 
        "Port": "h45-eth0:s18-eth6", 
        "MAC": "00:00:00:00:00:2d", 
        "Type": "Host", 
        "ID": "70", 
        "Name": "h45"
    }, 
    {
        "Description": "host", 
        "IP": "10.0.0.46", 
        "Port": "h46-eth0:s19-eth5", 
        "MAC": "00:00:00:00:00:2e", 
        "Type": "Host", 
        "ID": "71", 
        "Name": "h46"
    }, 
    {
        "Description": "host", 
        "IP": "10.0.0.47", 
        "Port": "h47-eth0:s20-eth5", 
        "MAC": "00:00:00:00:00:2f", 
        "Type": "Host", 
        "ID": "72", 
        "Name": "h47"
    }, 
    {
        "Description": "host", 
        "IP": "10.0.0.48", 
        "Port": "h48-eth0:s21-eth6", 
        "MAC": "00:00:00:00:00:30", 
        "Type": "Host", 
        "ID": "73", 
        "Name": "h48"
    }, 
    {
        "Description": "host", 
        "IP": "10.0.0.49", 
        "Port": "h49-eth0:s22-eth6", 
        "MAC": "00:00:00:00:00:31", 
        "Type": "Host", 
        "ID": "74", 
        "Name": "h49"
    }, 
    {
        "Description": "host", 
        "IP": "10.0.0.50", 
        "Port": "h50-eth0:s23-eth5", 
        "MAC": "00:00:00:00:00:32", 
        "Type": "Host", 
        "ID": "75", 
        "Name": "h50"
    }, 
    {
        "Description": "host", 
        "IP": "10.0.0.51", 
        "Port": "h51-eth0:s24-eth6", 
        "MAC": "00:00:00:00:00:33", 
        "Type": "Host", 
        "ID": "76", 
        "Name": "h51"
    }, 
    {
        "Description": "host", 
        "IP": "10.0.0.52", 
        "Port": "h52-eth0:s25-eth6", 
        "MAC": "00:00:00:00:00:34", 
        "Type": "Host", 
        "ID": "77", 
        "Name": "h52"
    }, 
    {
        "Description": "host", 
        "IP": "10.0.0.53", 
        "Port": "h53-eth0:s13-eth7", 
        "MAC": "00:00:00:00:00:35", 
        "Type": "Host", 
        "ID": "78", 
        "Name": "h53"
    }, 
    {
        "Description": "host", 
        "IP": "10.0.0.54", 
        "Port": "h54-eth0:s14-eth7", 
        "MAC": "00:00:00:00:00:36", 
        "Type": "Host", 
        "ID": "79", 
        "Name": "h54"
    }, 
    {
        "Description": "host", 
        "IP": "10.0.0.55", 
        "Port": "h55-eth0:s15-eth6", 
        "MAC": "00:00:00:00:00:37", 
        "Type": "Host", 
        "ID": "80", 
        "Name": "h55"
    }, 
    {
        "Description": "host", 
        "IP": "10.0.0.56", 
        "Port": "h56-eth0:s16-eth6", 
        "MAC": "00:00:00:00:00:38", 
        "Type": "Host", 
        "ID": "81", 
        "Name": "h56"
    }, 
    {
        "Description": "host", 
        "IP": "10.0.0.57", 
        "Port": "h57-eth0:s17-eth7", 
        "MAC": "00:00:00:00:00:39", 
        "Type": "Host", 
        "ID": "82", 
        "Name": "h57"
    }, 
    {
        "Description": "host", 
        "IP": "10.0.0.58", 
        "Port": "h58-eth0:s18-eth7", 
        "MAC": "00:00:00:00:00:3a", 
        "Type": "Host", 
        "ID": "83", 
        "Name": "h58"
    }, 
    {
        "Description": "host", 
        "IP": "10.0.0.59", 
        "Port": "h59-eth0:s19-eth6", 
        "MAC": "00:00:00:00:00:3b", 
        "Type": "Host", 
        "ID": "84", 
        "Name": "h59"
    }, 
    {
        "Description": "host", 
        "IP": "10.0.0.60", 
        "Port": "h60-eth0:s20-eth6", 
        "MAC": "00:00:00:00:00:3c", 
        "Type": "Host", 
        "ID": "85", 
        "Name": "h60"
    }, 
    {
        "Description": "host", 
        "IP": "10.0.0.61", 
        "Port": "h61-eth0:s21-eth7", 
        "MAC": "00:00:00:00:00:3d", 
        "Type": "Host", 
        "ID": "86", 
        "Name": "h61"
    }, 
    {
        "Description": "host", 
        "IP": "10.0.0.62", 
        "Port": "h62-eth0:s22-eth7", 
        "MAC": "00:00:00:00:00:3e", 
        "Type": "Host", 
        "ID": "87", 
        "Name": "h62"
    }, 
    {
        "Description": "host", 
        "IP": "10.0.0.63", 
        "Port": "h63-eth0:s23-eth6", 
        "MAC": "00:00:00:00:00:3f", 
        "Type": "Host", 
        "ID": "88", 
        "Name": "h63"
    }, 
    {
        "Description": "host", 
        "IP": "10.0.0.64", 
        "Port": "h64-eth0:s24-eth7", 
        "MAC": "00:00:00:00:00:40", 
        "Type": "Host", 
        "ID": "89", 
        "Name": "h64"
    }, 
    {
        "Description": "host", 
        "IP": "10.0.0.65", 
        "Port": "h65-eth0:s25-eth7", 
        "MAC": "00:00:00:00:00:41", 
        "Type": "Host", 
        "ID": "90", 
        "Name": "h65"
    }, 
    {
        "Description": "host", 
        "IP": "10.0.0.66", 
        "Port": "h66-eth0:s13-eth8", 
        "MAC": "00:00:00:00:00:42", 
        "Type": "Host", 
        "ID": "91", 
        "Name": "h66"
    }, 
    {
        "Description": "host", 
        "IP": "10.0.0.67", 
        "Port": "h67-eth0:s14-eth8", 
        "MAC": "00:00:00:00:00:43", 
        "Type": "Host", 
        "ID": "92", 
        "Name": "h67"
    }, 
    {
        "Description": "host", 
        "IP": "10.0.0.68", 
        "Port": "h68-eth0:s15-eth7", 
        "MAC": "00:00:00:00:00:44", 
        "Type": "Host", 
        "ID": "93", 
        "Name": "h68"
    }, 
    {
        "Description": "host", 
        "IP": "10.0.0.69", 
        "Port": "h69-eth0:s16-eth7", 
        "MAC": "00:00:00:00:00:45", 
        "Type": "Host", 
        "ID": "94", 
        "Name": "h69"
    }, 
    {
        "Description": "host", 
        "IP": "10.0.0.70", 
        "Port": "h70-eth0:s17-eth8", 
        "MAC": "00:00:00:00:00:46", 
        "Type": "Host", 
        "ID": "95", 
        "Name": "h70"
    }, 
    {
        "Description": "host", 
        "IP": "10.0.0.71", 
        "Port": "h71-eth0:s18-eth8", 
        "MAC": "00:00:00:00:00:47", 
        "Type": "Host", 
        "ID": "96", 
        "Name": "h71"
    }, 
    {
        "Description": "host", 
        "IP": "10.0.0.72", 
        "Port": "h72-eth0:s19-eth7", 
        "MAC": "00:00:00:00:00:48", 
        "Type": "Host", 
        "ID": "97", 
        "Name": "h72"
    }, 
    {
        "Description": "host", 
        "IP": "10.0.0.73", 
        "Port": "h73-eth0:s20-eth7", 
        "MAC": "00:00:00:00:00:49", 
        "Type": "Host", 
        "ID": "98", 
        "Name": "h73"
    }, 
    {
        "Description": "host", 
        "IP": "10.0.0.74", 
        "Port": "h74-eth0:s21-eth8", 
        "MAC": "00:00:00:00:00:4a", 
        "Type": "Host", 
        "ID": "99", 
        "Name": "h74"
    }, 
    {
        "Description": "host", 
        "IP": "10.0.0.75", 
        "Port": "h75-eth0:s22-eth8", 
        "MAC": "00:00:00:00:00:4b", 
        "Type": "Host", 
        "ID": "100", 
        "Name": "h75"
    }, 
    {
        "Description": "host", 
        "IP": "10.0.0.76", 
        "Port": "h76-eth0:s23-eth7", 
        "MAC": "00:00:00:00:00:4c", 
        "Type": "Host", 
        "ID": "101", 
        "Name": "h76"
    }, 
    {
        "Description": "host", 
        "IP": "10.0.0.77", 
        "Port": "h77-eth0:s24-eth8", 
        "MAC": "00:00:00:00:00:4d", 
        "Type": "Host", 
        "ID": "102", 
        "Name": "h77"
    }, 
    {
        "Description": "host", 
        "IP": "10.0.0.78", 
        "Port": "h78-eth0:s25-eth8", 
        "MAC": "00:00:00:00:00:4e", 
        "Type": "Host", 
        "ID": "103", 
        "Name": "h78"
    }, 
    {
        "Description": "host", 
        "IP": "10.0.0.79", 
        "Port": "h79-eth0:s13-eth9", 
        "MAC": "00:00:00:00:00:4f", 
        "Type": "Host", 
        "ID": "104", 
        "Name": "h79"
    }, 
    {
        "Description": "host", 
        "IP": "10.0.0.80", 
        "Port": "h80-eth0:s14-eth9", 
        "MAC": "00:00:00:00:00:50", 
        "Type": "Host", 
        "ID": "105", 
        "Name": "h80"
    }, 
    {
        "Description": "host", 
        "IP": "10.0.0.81", 
        "Port": "h81-eth0:s15-eth8", 
        "MAC": "00:00:00:00:00:51", 
        "Type": "Host", 
        "ID": "106", 
        "Name": "h81"
    }, 
    {
        "Description": "host", 
        "IP": "10.0.0.82", 
        "Port": "h82-eth0:s16-eth8", 
        "MAC": "00:00:00:00:00:52", 
        "Type": "Host", 
        "ID": "107", 
        "Name": "h82"
    }, 
    {
        "Description": "host", 
        "IP": "10.0.0.83", 
        "Port": "h83-eth0:s17-eth9", 
        "MAC": "00:00:00:00:00:53", 
        "Type": "Host", 
        "ID": "108", 
        "Name": "h83"
    }, 
    {
        "Description": "host", 
        "IP": "10.0.0.84", 
        "Port": "h84-eth0:s18-eth9", 
        "MAC": "00:00:00:00:00:54", 
        "Type": "Host", 
        "ID": "109", 
        "Name": "h84"
    }, 
    {
        "Description": "host", 
        "IP": "10.0.0.85", 
        "Port": "h85-eth0:s19-eth8", 
        "MAC": "00:00:00:00:00:55", 
        "Type": "Host", 
        "ID": "110", 
        "Name": "h85"
    }, 
    {
        "Description": "host", 
        "IP": "10.0.0.86", 
        "Port": "h86-eth0:s20-eth8", 
        "MAC": "00:00:00:00:00:56", 
        "Type": "Host", 
        "ID": "111", 
        "Name": "h86"
    }, 
    {
        "Description": "host", 
        "IP": "10.0.0.87", 
        "Port": "h87-eth0:s21-eth9", 
        "MAC": "00:00:00:00:00:57", 
        "Type": "Host", 
        "ID": "112", 
        "Name": "h87"
    }, 
    {
        "Description": "host", 
        "IP": "10.0.0.88", 
        "Port": "h88-eth0:s22-eth9", 
        "MAC": "00:00:00:00:00:58", 
        "Type": "Host", 
        "ID": "113", 
        "Name": "h88"
    }, 
    {
        "Description": "host", 
        "IP": "10.0.0.89", 
        "Port": "h89-eth0:s23-eth8", 
        "MAC": "00:00:00:00:00:59", 
        "Type": "Host", 
        "ID": "114", 
        "Name": "h89"
    }, 
    {
        "Description": "host", 
        "IP": "10.0.0.90", 
        "Port": "h90-eth0:s24-eth9", 
        "MAC": "00:00:00:00:00:5a", 
        "Type": "Host", 
        "ID": "115", 
        "Name": "h90"
    }, 
    {
        "Description": "host", 
        "IP": "10.0.0.91", 
        "Port": "h91-eth0:s25-eth9", 
        "MAC": "00:00:00:00:00:5b", 
        "Type": "Host", 
        "ID": "116", 
        "Name": "h91"
    }, 
    {
        "Description": "host", 
        "IP": "10.0.0.92", 
        "Port": "h92-eth0:s13-eth10", 
        "MAC": "00:00:00:00:00:5c", 
        "Type": "Host", 
        "ID": "117", 
        "Name": "h92"
    }, 
    {
        "Description": "host", 
        "IP": "10.0.0.93", 
        "Port": "h93-eth0:s14-eth10", 
        "MAC": "00:00:00:00:00:5d", 
        "Type": "Host", 
        "ID": "118", 
        "Name": "h93"
    }, 
    {
        "Description": "host", 
        "IP": "10.0.0.94", 
        "Port": "h94-eth0:s15-eth9", 
        "MAC": "00:00:00:00:00:5e", 
        "Type": "Host", 
        "ID": "119", 
        "Name": "h94"
    }, 
    {
        "Description": "host", 
        "IP": "10.0.0.95", 
        "Port": "h95-eth0:s16-eth9", 
        "MAC": "00:00:00:00:00:5f", 
        "Type": "Host", 
        "ID": "120", 
        "Name": "h95"
    }, 
    {
        "Description": "host", 
        "IP": "10.0.0.96", 
        "Port": "h96-eth0:s17-eth10", 
        "MAC": "00:00:00:00:00:60", 
        "Type": "Host", 
        "ID": "121", 
        "Name": "h96"
    }, 
    {
        "Description": "host", 
        "IP": "10.0.0.97", 
        "Port": "h97-eth0:s18-eth10", 
        "MAC": "00:00:00:00:00:61", 
        "Type": "Host", 
        "ID": "122", 
        "Name": "h97"
    }, 
    {
        "Description": "host", 
        "IP": "10.0.0.98", 
        "Port": "h98-eth0:s19-eth9", 
        "MAC": "00:00:00:00:00:62", 
        "Type": "Host", 
        "ID": "123", 
        "Name": "h98"
    }, 
    {
        "Description": "host", 
        "IP": "10.0.0.99", 
        "Port": "h99-eth0:s20-eth9", 
        "MAC": "00:00:00:00:00:63", 
        "Type": "Host", 
        "ID": "124", 
        "Name": "h99"
    }, 
    {
        "Description": "host", 
        "IP": "10.0.0.100", 
        "Port": "h100-eth0:s21-eth10", 
        "MAC": "00:00:00:00:00:64", 
        "Type": "Host", 
        "ID": "125", 
        "Name": "h100"
    }, 
    {
        "Description": "host", 
        "IP": "10.0.0.101", 
        "Port": "h101-eth0:s22-eth10", 
        "MAC": "00:00:00:00:00:65", 
        "Type": "Host", 
        "ID": "126", 
        "Name": "h101"
    }, 
    {
        "Description": "host", 
        "IP": "10.0.0.102", 
        "Port": "h102-eth0:s23-eth9", 
        "MAC": "00:00:00:00:00:66", 
        "Type": "Host", 
        "ID": "127", 
        "Name": "h102"
    }, 
    {
        "Description": "host", 
        "IP": "10.0.0.103", 
        "Port": "h103-eth0:s24-eth10", 
        "MAC": "00:00:00:00:00:67", 
        "Type": "Host", 
        "ID": "128", 
        "Name": "h103"
    }, 
    {
        "Description": "host", 
        "IP": "10.0.0.104", 
        "Port": "h104-eth0:s25-eth10", 
        "MAC": "00:00:00:00:00:68", 
        "Type": "Host", 
        "ID": "129", 
        "Name": "h104"
    }, 
    {
        "Description": "host", 
        "IP": "10.0.0.105", 
        "Port": "h105-eth0:s13-eth11", 
        "MAC": "00:00:00:00:00:69", 
        "Type": "Host", 
        "ID": "130", 
        "Name": "h105"
    }, 
    {
        "Description": "host", 
        "IP": "10.0.0.106", 
        "Port": "h106-eth0:s14-eth11", 
        "MAC": "00:00:00:00:00:6a", 
        "Type": "Host", 
        "ID": "131", 
        "Name": "h106"
    }, 
    {
        "Description": "host", 
        "IP": "10.0.0.107", 
        "Port": "h107-eth0:s15-eth10", 
        "MAC": "00:00:00:00:00:6b", 
        "Type": "Host", 
        "ID": "132", 
        "Name": "h107"
    }, 
    {
        "Description": "host", 
        "IP": "10.0.0.108", 
        "Port": "h108-eth0:s16-eth10", 
        "MAC": "00:00:00:00:00:6c", 
        "Type": "Host", 
        "ID": "133", 
        "Name": "h108"
    }, 
    {
        "Description": "host", 
        "IP": "10.0.0.109", 
        "Port": "h109-eth0:s17-eth11", 
        "MAC": "00:00:00:00:00:6d", 
        "Type": "Host", 
        "ID": "134", 
        "Name": "h109"
    }, 
    {
        "Description": "host", 
        "IP": "10.0.0.110", 
        "Port": "h110-eth0:s18-eth11", 
        "MAC": "00:00:00:00:00:6e", 
        "Type": "Host", 
        "ID": "135", 
        "Name": "h110"
    }, 
    {
        "Description": "host", 
        "IP": "10.0.0.111", 
        "Port": "h111-eth0:s19-eth10", 
        "MAC": "00:00:00:00:00:6f", 
        "Type": "Host", 
        "ID": "136", 
        "Name": "h111"
    }, 
    {
        "Description": "host", 
        "IP": "10.0.0.112", 
        "Port": "h112-eth0:s20-eth10", 
        "MAC": "00:00:00:00:00:70", 
        "Type": "Host", 
        "ID": "137", 
        "Name": "h112"
    }, 
    {
        "Description": "host", 
        "IP": "10.0.0.113", 
        "Port": "h113-eth0:s21-eth11", 
        "MAC": "00:00:00:00:00:71", 
        "Type": "Host", 
        "ID": "138", 
        "Name": "h113"
    }, 
    {
        "Description": "host", 
        "IP": "10.0.0.114", 
        "Port": "h114-eth0:s22-eth11", 
        "MAC": "00:00:00:00:00:72", 
        "Type": "Host", 
        "ID": "139", 
        "Name": "h114"
    }, 
    {
        "Description": "host", 
        "IP": "10.0.0.115", 
        "Port": "h115-eth0:s23-eth10", 
        "MAC": "00:00:00:00:00:73", 
        "Type": "Host", 
        "ID": "140", 
        "Name": "h115"
    }, 
    {
        "Description": "host", 
        "IP": "10.0.0.116", 
        "Port": "h116-eth0:s24-eth11", 
        "MAC": "00:00:00:00:00:74", 
        "Type": "Host", 
        "ID": "141", 
        "Name": "h116"
    }, 
    {
        "Description": "host", 
        "IP": "10.0.0.117", 
        "Port": "h117-eth0:s25-eth11", 
        "MAC": "00:00:00:00:00:75", 
        "Type": "Host", 
        "ID": "142", 
        "Name": "h117"
    }, 
    {
        "Description": "host", 
        "IP": "10.0.0.118", 
        "Port": "h118-eth0:s13-eth12", 
        "MAC": "00:00:00:00:00:76", 
        "Type": "Host", 
        "ID": "143", 
        "Name": "h118"
    }, 
    {
        "Description": "host", 
        "IP": "10.0.0.119", 
        "Port": "h119-eth0:s14-eth12", 
        "MAC": "00:00:00:00:00:77", 
        "Type": "Host", 
        "ID": "144", 
        "Name": "h119"
    }, 
    {
        "Description": "host", 
        "IP": "10.0.0.120", 
        "Port": "h120-eth0:s15-eth11", 
        "MAC": "00:00:00:00:00:78", 
        "Type": "Host", 
        "ID": "145", 
        "Name": "h120"
    }, 
    {
        "Description": "host", 
        "IP": "10.0.0.121", 
        "Port": "h121-eth0:s16-eth11", 
        "MAC": "00:00:00:00:00:79", 
        "Type": "Host", 
        "ID": "146", 
        "Name": "h121"
    }, 
    {
        "Description": "host", 
        "IP": "10.0.0.122", 
        "Port": "h122-eth0:s17-eth12", 
        "MAC": "00:00:00:00:00:7a", 
        "Type": "Host", 
        "ID": "147", 
        "Name": "h122"
    }, 
    {
        "Description": "host", 
        "IP": "10.0.0.123", 
        "Port": "h123-eth0:s18-eth12", 
        "MAC": "00:00:00:00:00:7b", 
        "Type": "Host", 
        "ID": "148", 
        "Name": "h123"
    }, 
    {
        "Description": "host", 
        "IP": "10.0.0.124", 
        "Port": "h124-eth0:s19-eth11", 
        "MAC": "00:00:00:00:00:7c", 
        "Type": "Host", 
        "ID": "149", 
        "Name": "h124"
    }, 
    {
        "Description": "host", 
        "IP": "10.0.0.125", 
        "Port": "h125-eth0:s20-eth11", 
        "MAC": "00:00:00:00:00:7d", 
        "Type": "Host", 
        "ID": "150", 
        "Name": "h125"
    }, 
    {
        "Description": "host", 
        "IP": "10.0.0.126", 
        "Port": "h126-eth0:s21-eth12", 
        "MAC": "00:00:00:00:00:7e", 
        "Type": "Host", 
        "ID": "151", 
        "Name": "h126"
    }, 
    {
        "Description": "host", 
        "IP": "10.0.0.127", 
        "Port": "h127-eth0:s22-eth12", 
        "MAC": "00:00:00:00:00:7f", 
        "Type": "Host", 
        "ID": "152", 
        "Name": "h127"
    }, 
    {
        "Description": "host", 
        "IP": "10.0.0.128", 
        "Port": "h128-eth0:s23-eth11", 
        "MAC": "00:00:00:00:00:80", 
        "Type": "Host", 
        "ID": "153", 
        "Name": "h128"
    }, 
    {
        "Description": "host", 
        "IP": "10.0.0.129", 
        "Port": "h129-eth0:s24-eth12", 
        "MAC": "00:00:00:00:00:81", 
        "Type": "Host", 
        "ID": "154", 
        "Name": "h129"
    }, 
    {
        "Description": "host", 
        "IP": "10.0.0.130", 
        "Port": "h130-eth0:s25-eth12", 
        "MAC": "00:00:00:00:00:82", 
        "Type": "Host", 
        "ID": "155", 
        "Name": "h130"
    }, 
    {
        "Description": "host", 
        "IP": "10.0.0.131", 
        "Port": "h131-eth0:s13-eth13", 
        "MAC": "00:00:00:00:00:83", 
        "Type": "Host", 
        "ID": "156", 
        "Name": "h131"
    }, 
    {
        "Description": "host", 
        "IP": "10.0.0.132", 
        "Port": "h132-eth0:s14-eth13", 
        "MAC": "00:00:00:00:00:84", 
        "Type": "Host", 
        "ID": "157", 
        "Name": "h132"
    }, 
    {
        "Description": "host", 
        "IP": "10.0.0.133", 
        "Port": "h133-eth0:s15-eth12", 
        "MAC": "00:00:00:00:00:85", 
        "Type": "Host", 
        "ID": "158", 
        "Name": "h133"
    }, 
    {
        "Description": "host", 
        "IP": "10.0.0.134", 
        "Port": "h134-eth0:s16-eth12", 
        "MAC": "00:00:00:00:00:86", 
        "Type": "Host", 
        "ID": "159", 
        "Name": "h134"
    }, 
    {
        "Description": "host", 
        "IP": "10.0.0.135", 
        "Port": "h135-eth0:s17-eth13", 
        "MAC": "00:00:00:00:00:87", 
        "Type": "Host", 
        "ID": "160", 
        "Name": "h135"
    }, 
    {
        "Description": "server", 
        "IP": "10.0.0.136", 
        "Port": "sv1-eth0:s18-eth13", 
        "MAC": "00:00:00:00:00:88", 
        "Type": "Host", 
        "ID": "161", 
        "Name": "sv1"
    }, 
    {
        "Description": "server", 
        "IP": "10.0.0.137", 
        "Port": "sv2-eth0:s19-eth12", 
        "MAC": "00:00:00:00:00:89", 
        "Type": "Host", 
        "ID": "162", 
        "Name": "sv2"
    }, 
    {
        "Description": "server", 
        "IP": "10.0.0.138", 
        "Port": "sv3-eth0:s20-eth12", 
        "MAC": "00:00:00:00:00:8a", 
        "Type": "Host", 
        "ID": "163", 
        "Name": "sv3"
    }, 
    {
        "Description": "server", 
        "IP": "10.0.0.139", 
        "Port": "sv4-eth0:s21-eth13", 
        "MAC": "00:00:00:00:00:8b", 
        "Type": "Host", 
        "ID": "164", 
        "Name": "sv4"
    }, 
    {
        "Description": "server", 
        "IP": "10.0.0.140", 
        "Port": "sv5-eth0:s22-eth13", 
        "MAC": "00:00:00:00:00:8c", 
        "Type": "Host", 
        "ID": "165", 
        "Name": "sv5"
    }, 
    {
        "Description": "server", 
        "IP": "10.0.0.141", 
        "Port": "sv6-eth0:s23-eth12", 
        "MAC": "00:00:00:00:00:8d", 
        "Type": "Host", 
        "ID": "166", 
        "Name": "sv6"
    }, 
    {
        "Description": "server", 
        "IP": "10.0.0.142", 
        "Port": "sv7-eth0:s24-eth13", 
        "MAC": "00:00:00:00:00:8e", 
        "Type": "Host", 
        "ID": "167", 
        "Name": "sv7"
    }, 
    {
        "Description": "server", 
        "IP": "10.0.0.143", 
        "Port": "sv8-eth0:s25-eth13", 
        "MAC": "00:00:00:00:00:8f", 
        "Type": "Host", 
        "ID": "168", 
        "Name": "sv8"
    }, 
    {
        "Description": "server", 
        "IP": "10.0.0.144", 
        "Port": "sv9-eth0:s13-eth14", 
        "MAC": "00:00:00:00:00:90", 
        "Type": "Host", 
        "ID": "169", 
        "Name": "sv9"
    }, 
    {
        "Description": "server", 
        "IP": "10.0.0.145", 
        "Port": "sv10-eth0:s14-eth14", 
        "MAC": "00:00:00:00:00:91", 
        "Type": "Host", 
        "ID": "170", 
        "Name": "sv10"
    }, 
    {
        "Description": "server", 
        "IP": "10.0.0.146", 
        "Port": "sv11-eth0:s15-eth13", 
        "MAC": "00:00:00:00:00:92", 
        "Type": "Host", 
        "ID": "171", 
        "Name": "sv11"
    }, 
    {
        "Description": "server", 
        "IP": "10.0.0.147", 
        "Port": "sv12-eth0:s16-eth13", 
        "MAC": "00:00:00:00:00:93", 
        "Type": "Host", 
        "ID": "172", 
        "Name": "sv12"
    }, 
    {
        "Description": "server", 
        "IP": "10.0.0.148", 
        "Port": "sv13-eth0:s17-eth14", 
        "MAC": "00:00:00:00:00:94", 
        "Type": "Host", 
        "ID": "173", 
        "Name": "sv13"
    }, 
    {
        "Description": "server", 
        "IP": "10.0.0.149", 
        "Port": "sv14-eth0:s18-eth14", 
        "MAC": "00:00:00:00:00:95", 
        "Type": "Host", 
        "ID": "174", 
        "Name": "sv14"
    }, 
    {
        "Description": "server", 
        "IP": "10.0.0.150", 
        "Port": "sv15-eth0:s19-eth13", 
        "MAC": "00:00:00:00:00:96", 
        "Type": "Host", 
        "ID": "175", 
        "Name": "sv15"
    }, 
    {
        "Description": "server", 
        "IP": "10.0.0.151", 
        "Port": "sv16-eth0:s20-eth13", 
        "MAC": "00:00:00:00:00:97", 
        "Type": "Host", 
        "ID": "176", 
        "Name": "sv16"
    }, 
    {
        "Description": "server", 
        "IP": "10.0.0.152", 
        "Port": "sv17-eth0:s21-eth14", 
        "MAC": "00:00:00:00:00:98", 
        "Type": "Host", 
        "ID": "177", 
        "Name": "sv17"
    }, 
    {
        "Description": "server", 
        "IP": "10.0.0.153", 
        "Port": "sv18-eth0:s22-eth14", 
        "MAC": "00:00:00:00:00:99", 
        "Type": "Host", 
        "ID": "178", 
        "Name": "sv18"
    }, 
    {
        "Description": "server", 
        "IP": "10.0.0.154", 
        "Port": "sv19-eth0:s23-eth13", 
        "MAC": "00:00:00:00:00:9a", 
        "Type": "Host", 
        "ID": "179", 
        "Name": "sv19"
    }, 
    {
        "Description": "server", 
        "IP": "10.0.0.155", 
        "Port": "sv20-eth0:s24-eth14", 
        "MAC": "00:00:00:00:00:9b", 
        "Type": "Host", 
        "ID": "180", 
        "Name": "sv20"
    }, 
    {
        "Description": "server", 
        "IP": "10.0.0.156", 
        "Port": "sv21-eth0:s25-eth14", 
        "MAC": "00:00:00:00:00:9c", 
        "Type": "Host", 
        "ID": "181", 
        "Name": "sv21"
    }, 
    {
        "Description": "server", 
        "IP": "10.0.0.157", 
        "Port": "sv22-eth0:s13-eth15", 
        "MAC": "00:00:00:00:00:9d", 
        "Type": "Host", 
        "ID": "182", 
        "Name": "sv22"
    }, 
    {
        "Description": "server", 
        "IP": "10.0.0.158", 
        "Port": "sv23-eth0:s14-eth15", 
        "MAC": "00:00:00:00:00:9e", 
        "Type": "Host", 
        "ID": "183", 
        "Name": "sv23"
    }, 
    {
        "Description": "server", 
        "IP": "10.0.0.159", 
        "Port": "sv24-eth0:s15-eth14", 
        "MAC": "00:00:00:00:00:9f", 
        "Type": "Host", 
        "ID": "184", 
        "Name": "sv24"
    }, 
    {
        "Description": "server", 
        "IP": "10.0.0.160", 
        "Port": "sv25-eth0:s16-eth14", 
        "MAC": "00:00:00:00:00:a0", 
        "Type": "Host", 
        "ID": "185", 
        "Name": "sv25"
    }, 
    {
        "Description": "server", 
        "IP": "10.0.0.161", 
        "Port": "sv26-eth0:s17-eth15", 
        "MAC": "00:00:00:00:00:a1", 
        "Type": "Host", 
        "ID": "186", 
        "Name": "sv26"
    }, 
    {
        "Description": "server", 
        "IP": "10.0.0.162", 
        "Port": "sv27-eth0:s18-eth15", 
        "MAC": "00:00:00:00:00:a2", 
        "Type": "Host", 
        "ID": "187", 
        "Name": "sv27"
    }, 
    {
        "Description": "server", 
        "IP": "10.0.0.163", 
        "Port": "sv28-eth0:s19-eth14", 
        "MAC": "00:00:00:00:00:a3", 
        "Type": "Host", 
        "ID": "188", 
        "Name": "sv28"
    }, 
    {
        "Description": "server", 
        "IP": "10.0.0.164", 
        "Port": "sv29-eth0:s20-eth14", 
        "MAC": "00:00:00:00:00:a4", 
        "Type": "Host", 
        "ID": "189", 
        "Name": "sv29"
    }, 
    {
        "Description": "server", 
        "IP": "10.0.0.165", 
        "Port": "sv30-eth0:s21-eth15", 
        "MAC": "00:00:00:00:00:a5", 
        "Type": "Host", 
        "ID": "190", 
        "Name": "sv30"
    }, 
    {
        "Description": "server", 
        "IP": "10.0.0.166", 
        "Port": "sv31-eth0:s22-eth15", 
        "MAC": "00:00:00:00:00:a6", 
        "Type": "Host", 
        "ID": "191", 
        "Name": "sv31"
    }, 
    {
        "Description": "server", 
        "IP": "10.0.0.167", 
        "Port": "sv32-eth0:s23-eth14", 
        "MAC": "00:00:00:00:00:a7", 
        "Type": "Host", 
        "ID": "192", 
        "Name": "sv32"
    }, 
    {
        "Description": "server", 
        "IP": "10.0.0.168", 
        "Port": "sv33-eth0:s24-eth15", 
        "MAC": "00:00:00:00:00:a8", 
        "Type": "Host", 
        "ID": "193", 
        "Name": "sv33"
    }, 
    {
        "Description": "server", 
        "IP": "10.0.0.169", 
        "Port": "sv34-eth0:s25-eth15", 
        "MAC": "00:00:00:00:00:a9", 
        "Type": "Host", 
        "ID": "194", 
        "Name": "sv34"
    }, 
    {
        "Description": "server", 
        "IP": "10.0.0.170", 
        "Port": "sv35-eth0:s13-eth16", 
        "MAC": "00:00:00:00:00:aa", 
        "Type": "Host", 
        "ID": "195", 
        "Name": "sv35"
    }, 
    {
        "Description": "server", 
        "IP": "10.0.0.171", 
        "Port": "sv36-eth0:s14-eth16", 
        "MAC": "00:00:00:00:00:ab", 
        "Type": "Host", 
        "ID": "196", 
        "Name": "sv36"
    }, 
    {
        "Description": "server", 
        "IP": "10.0.0.172", 
        "Port": "sv37-eth0:s15-eth15", 
        "MAC": "00:00:00:00:00:ac", 
        "Type": "Host", 
        "ID": "197", 
        "Name": "sv37"
    }, 
    {
        "Description": "server", 
        "IP": "10.0.0.173", 
        "Port": "sv38-eth0:s16-eth15", 
        "MAC": "00:00:00:00:00:ad", 
        "Type": "Host", 
        "ID": "198", 
        "Name": "sv38"
    }, 
    {
        "Description": "server", 
        "IP": "10.0.0.174", 
        "Port": "sv39-eth0:s17-eth16", 
        "MAC": "00:00:00:00:00:ae", 
        "Type": "Host", 
        "ID": "199", 
        "Name": "sv39"
    }, 
    {
        "Description": "server", 
        "IP": "10.0.0.175", 
        "Port": "sv40-eth0:s18-eth16", 
        "MAC": "00:00:00:00:00:af", 
        "Type": "Host", 
        "ID": "200", 
        "Name": "sv40"
    }, 
    {
        "Description": "server", 
        "IP": "10.0.0.176", 
        "Port": "sv41-eth0:s19-eth15", 
        "MAC": "00:00:00:00:00:b0", 
        "Type": "Host", 
        "ID": "201", 
        "Name": "sv41"
    }, 
    {
        "Description": "server", 
        "IP": "10.0.0.177", 
        "Port": "sv42-eth0:s20-eth15", 
        "MAC": "00:00:00:00:00:b1", 
        "Type": "Host", 
        "ID": "202", 
        "Name": "sv42"
    }, 
    {
        "Description": "server", 
        "IP": "10.0.0.178", 
        "Port": "sv43-eth0:s21-eth16", 
        "MAC": "00:00:00:00:00:b2", 
        "Type": "Host", 
        "ID": "203", 
        "Name": "sv43"
    }, 
    {
        "Description": "server", 
        "IP": "10.0.0.179", 
        "Port": "sv44-eth0:s22-eth16", 
        "MAC": "00:00:00:00:00:b3", 
        "Type": "Host", 
        "ID": "204", 
        "Name": "sv44"
    }, 
    {
        "Description": "server", 
        "IP": "10.0.0.180", 
        "Port": "sv45-eth0:s23-eth15", 
        "MAC": "00:00:00:00:00:b4", 
        "Type": "Host", 
        "ID": "205", 
        "Name": "sv45"
    }, 
    {
        "Description": "server", 
        "IP": "10.0.0.181", 
        "Port": "sv46-eth0:s24-eth16", 
        "MAC": "00:00:00:00:00:b5", 
        "Type": "Host", 
        "ID": "206", 
        "Name": "sv46"
    }, 
    {
        "Description": "server", 
        "IP": "10.0.0.182", 
        "Port": "sv47-eth0:s25-eth16", 
        "MAC": "00:00:00:00:00:b6", 
        "Type": "Host", 
        "ID": "207", 
        "Name": "sv47"
    }, 
    {
        "Description": "server", 
        "IP": "10.0.0.183", 
        "Port": "sv48-eth0:s13-eth17", 
        "MAC": "00:00:00:00:00:b7", 
        "Type": "Host", 
        "ID": "208", 
        "Name": "sv48"
    }, 
    {
        "Description": "server", 
        "IP": "10.0.0.184", 
        "Port": "sv49-eth0:s14-eth17", 
        "MAC": "00:00:00:00:00:b8", 
        "Type": "Host", 
        "ID": "209", 
        "Name": "sv49"
    }, 
    {
        "Description": "server", 
        "IP": "10.0.0.185", 
        "Port": "sv50-eth0:s15-eth16", 
        "MAC": "00:00:00:00:00:b9", 
        "Type": "Host", 
        "ID": "210", 
        "Name": "sv50"
    }, 
    {
        "Description": "server", 
        "IP": "10.0.0.186", 
        "Port": "sv51-eth0:s16-eth16", 
        "MAC": "00:00:00:00:00:ba", 
        "Type": "Host", 
        "ID": "211", 
        "Name": "sv51"
    }, 
    {
        "Description": "server", 
        "IP": "10.0.0.187", 
        "Port": "sv52-eth0:s17-eth17", 
        "MAC": "00:00:00:00:00:bb", 
        "Type": "Host", 
        "ID": "212", 
        "Name": "sv52"
    }, 
    {
        "Description": "server", 
        "IP": "10.0.0.188", 
        "Port": "sv53-eth0:s18-eth17", 
        "MAC": "00:00:00:00:00:bc", 
        "Type": "Host", 
        "ID": "213", 
        "Name": "sv53"
    }, 
    {
        "Description": "server", 
        "IP": "10.0.0.189", 
        "Port": "sv54-eth0:s19-eth16", 
        "MAC": "00:00:00:00:00:bd", 
        "Type": "Host", 
        "ID": "214", 
        "Name": "sv54"
    }, 
    {
        "Description": "server", 
        "IP": "10.0.0.190", 
        "Port": "sv55-eth0:s20-eth16", 
        "MAC": "00:00:00:00:00:be", 
        "Type": "Host", 
        "ID": "215", 
        "Name": "sv55"
    }, 
    {
        "Description": "server", 
        "IP": "10.0.0.191", 
        "Port": "sv56-eth0:s21-eth17", 
        "MAC": "00:00:00:00:00:bf", 
        "Type": "Host", 
        "ID": "216", 
        "Name": "sv56"
    }, 
    {
        "Description": "server", 
        "IP": "10.0.0.192", 
        "Port": "sv57-eth0:s22-eth17", 
        "MAC": "00:00:00:00:00:c0", 
        "Type": "Host", 
        "ID": "217", 
        "Name": "sv57"
    }, 
    {
        "Description": "server", 
        "IP": "10.0.0.193", 
        "Port": "sv58-eth0:s23-eth16", 
        "MAC": "00:00:00:00:00:c1", 
        "Type": "Host", 
        "ID": "218", 
        "Name": "sv58"
    }, 
    {
        "Description": "server", 
        "IP": "10.0.0.194", 
        "Port": "sv59-eth0:s24-eth17", 
        "MAC": "00:00:00:00:00:c2", 
        "Type": "Host", 
        "ID": "219", 
        "Name": "sv59"
    }, 
    {
        "Description": "server", 
        "IP": "10.0.0.195", 
        "Port": "sv60-eth0:s25-eth17", 
        "MAC": "00:00:00:00:00:c3", 
        "Type": "Host", 
        "ID": "220", 
        "Name": "sv60"
    }, 
    {
        "Description": "server", 
        "IP": "10.0.0.196", 
        "Port": "sv61-eth0:s13-eth18", 
        "MAC": "00:00:00:00:00:c4", 
        "Type": "Host", 
        "ID": "221", 
        "Name": "sv61"
    }, 
    {
        "Description": "server", 
        "IP": "10.0.0.197", 
        "Port": "sv62-eth0:s14-eth18", 
        "MAC": "00:00:00:00:00:c5", 
        "Type": "Host", 
        "ID": "222", 
        "Name": "sv62"
    }, 
    {
        "Description": "server", 
        "IP": "10.0.0.198", 
        "Port": "sv63-eth0:s15-eth17", 
        "MAC": "00:00:00:00:00:c6", 
        "Type": "Host", 
        "ID": "223", 
        "Name": "sv63"
    }, 
    {
        "Description": "server", 
        "IP": "10.0.0.199", 
        "Port": "sv64-eth0:s16-eth17", 
        "MAC": "00:00:00:00:00:c7", 
        "Type": "Host", 
        "ID": "224", 
        "Name": "sv64"
    }, 
    {
        "Description": "server", 
        "IP": "10.0.0.200", 
        "Port": "sv65-eth0:s17-eth18", 
        "MAC": "00:00:00:00:00:c8", 
        "Type": "Host", 
        "ID": "225", 
        "Name": "sv65"
    }
]
