[
    {
        "Name": "s1",
        "IP": "127.0.0.1",
        "MAC": "0000000000000001",
        "Type": "Switch",
        "ID": "1",
        "Description": "switch"
    },
    {
        "Name": "s2",
        "IP": "127.0.0.1",
        "MAC": "0000000000000002",
        "Type": "Switch",
        "ID": "2",
        "Description": "switch"
    },
    {
        "Name": "s3",
        "IP": "127.0.0.1",
        "MAC": "0000000000000003",
        "Type": "Switch",
        "ID": "3",
        "Description": "switch"
    },
    {
        "Name": "s4",
        "IP": "127.0.0.1",
        "MAC": "0000000000000004",
        "Type": "Switch",
        "ID": "4",
        "Description": "switch"
    },
    {
        "Name": "s5",
        "IP": "127.0.0.1",
        "MAC": "0000000000000005",
        "Type": "Switch",
        "ID": "5",
        "Description": "switch"
    },
    {
        "Name": "s6",
        "IP": "127.0.0.1",
        "MAC": "0000000000000006",
        "Type": "Switch",
        "ID": "6",
        "Description": "switch"
    },
    {
        "Name": "s7",
        "IP": "127.0.0.1",
        "MAC": "0000000000000007",
        "Type": "Switch",
        "ID": "7",
        "Description": "switch"
    },
    {
        "Name": "s8",
        "IP": "127.0.0.1",
        "MAC": "0000000000000008",
        "Type": "Switch",
        "ID": "8",
        "Description": "switch"
    },
    {
        "Name": "s9",
        "IP": "127.0.0.1",
        "MAC": "0000000000000009",
        "Type": "Switch",
        "ID": "9",
        "Description": "switch"
    },
    {
        "Name": "s10",
        "IP": "127.0.0.1",
        "MAC": "000000000000000a",
        "Type": "Switch",
        "ID": "10",
        "Description": "switch"
    },
    {
        "Name": "s11",
        "IP": "127.0.0.1",
        "MAC": "000000000000000b",
        "Type": "Switch",
        "ID": "11",
        "Description": "switch"
    },
    {
        "Name": "s12",
        "IP": "127.0.0.1",
        "MAC": "000000000000000c",
        "Type": "Switch",
        "ID": "12",
        "Description": "switch"
    },
    {
        "Name": "s13",
        "IP": "127.0.0.1",
        "MAC": "000000000000000d",
        "Type": "Switch",
        "ID": "13",
        "Description": "switch"
    },
    {
        "Name": "s14",
        "IP": "127.0.0.1",
        "MAC": "000000000000000e",
        "Type": "Switch",
        "ID": "14",
        "Description": "switch"
    },
    {
        "Name": "s15",
        "IP": "127.0.0.1",
        "MAC": "000000000000000f",
        "Type": "Switch",
        "ID": "15",
        "Description": "switch"
    },
    {
        "Name": "s16",
        "IP": "127.0.0.1",
        "MAC": "0000000000000010",
        "Type": "Switch",
        "ID": "16",
        "Description": "switch"
    },
    {
        "Name": "s17",
        "IP": "127.0.0.1",
        "MAC": "0000000000000011",
        "Type": "Switch",
        "ID": "17",
        "Description": "switch"
    },
    {
        "Name": "s18",
        "IP": "127.0.0.1",
        "MAC": "0000000000000012",
        "Type": "Switch",
        "ID": "18",
        "Description": "switch"
    },
    {
        "Name": "s19",
        "IP": "127.0.0.1",
        "MAC": "0000000000000013",
        "Type": "Switch",
        "ID": "19",
        "Description": "switch"
    },
    {
        "Name": "s20",
        "IP": "127.0.0.1",
        "MAC": "0000000000000014",
        "Type": "Switch",
        "ID": "20",
        "Description": "switch"
    },
    {
        "Name": "s21",
        "IP": "127.0.0.1",
        "MAC": "0000000000000015",
        "Type": "Switch",
        "ID": "21",
        "Description": "switch"
    },
    {
        "Name": "s22",
        "IP": "127.0.0.1",
        "MAC": "0000000000000016",
        "Type": "Switch",
        "ID": "22",
        "Description": "switch"
    },
    {
        "Name": "s23",
        "IP": "127.0.0.1",
        "MAC": "0000000000000017",
        "Type": "Switch",
        "ID": "23",
        "Description": "switch"
    },
    {
        "Name": "s24",
        "IP": "127.0.0.1",
        "MAC": "0000000000000018",
        "Type": "Switch",
        "ID": "24",
        "Description": "switch"
    },
    {
        "Name": "s25",
        "IP": "127.0.0.1",
        "MAC": "0000000000000019",
        "Type": "Switch",
        "ID": "25",
        "Description": "switch"
    },
    {
        "Name": "h1",
        "IP": "10.0.0.1",
        "MAC": "00:00:00:00:00:01",
        "Type": "Host",
        "ID": "26",
        "Description": "host",
        "Port": "h1-eth0:s13-eth3"
    },
    {
        "Name": "h2",
        "IP": "10.0.0.2",
        "MAC": "00:00:00:00:00:02",
        "Type": "Host",
        "ID": "27",
        "Description": "host",
        "Port": "h2-eth0:s14-eth3"
    },
    {
        "Name": "h3",
        "IP": "10.0.0.3",
        "MAC": "00:00:00:00:00:03",
        "Type": "Host",
        "ID": "28",
        "Description": "host",
        "Port": "h3-eth0:s15-eth2"
    },
    {
        "Name": "h4",
        "IP": "10.0.0.4",
        "MAC": "00:00:00:00:00:04",
        "Type": "Host",
        "ID": "29",
        "Description": "host",
        "Port": "h4-eth0:s16-eth2"
    },
    {
        "Name": "h5",
        "IP": "10.0.0.5",
        "MAC": "00:00:00:00:00:05",
        "Type": "Host",
        "ID": "30",
        "Description": "host",
        "Port": "h5-eth0:s17-eth3"
    },
    {
        "Name": "h6",
        "IP": "10.0.0.6",
        "MAC": "00:00:00:00:00:06",
        "Type": "Host",
        "ID": "31",
        "Description": "host",
        "Port": "h6-eth0:s18-eth3"
    },
    {
        "Name": "h7",
        "IP": "10.0.0.7",
        "MAC": "00:00:00:00:00:07",
        "Type": "Host",
        "ID": "32",
        "Description": "host",
        "Port": "h7-eth0:s19-eth2"
    },
    {
        "Name": "h8",
        "IP": "10.0.0.8",
        "MAC": "00:00:00:00:00:08",
        "Type": "Host",
        "ID": "33",
        "Description": "host",
        "Port": "h8-eth0:s20-eth2"
    },
    {
        "Name": "h9",
        "IP": "10.0.0.9",
        "MAC": "00:00:00:00:00:09",
        "Type": "Host",
        "ID": "34",
        "Description": "host",
        "Port": "h9-eth0:s21-eth3"
    },
    {
        "Name": "h10",
        "IP": "10.0.0.10",
        "MAC": "00:00:00:00:00:0a",
        "Type": "Host",
        "ID": "35",
        "Description": "host",
        "Port": "h10-eth0:s22-eth3"
    },
    {
        "Name": "h11",
        "IP": "10.0.0.11",
        "MAC": "00:00:00:00:00:0b",
        "Type": "Host",
        "ID": "36",
        "Description": "host",
        "Port": "h11-eth0:s23-eth2"
    },
    {
        "Name": "h12",
        "IP": "10.0.0.12",
        "MAC": "00:00:00:00:00:0c",
        "Type": "Host",
        "ID": "37",
        "Description": "host",
        "Port": "h12-eth0:s24-eth3"
    },
    {
        "Name": "h13",
        "IP": "10.0.0.13",
        "MAC": "00:00:00:00:00:0d",
        "Type": "Host",
        "ID": "38",
        "Description": "host",
        "Port": "h13-eth0:s25-eth3"
    },
    {
        "Name": "h14",
        "IP": "10.0.0.14",
        "MAC": "00:00:00:00:00:0e",
        "Type": "Host",
        "ID": "39",
        "Description": "host",
        "Port": "h14-eth0:s13-eth4"
    },
    {
        "Name": "h15",
        "IP": "10.0.0.15",
        "MAC": "00:00:00:00:00:0f",
        "Type": "Host",
        "ID": "40",
        "Description": "host",
        "Port": "h15-eth0:s14-eth4"
    },
    {
        "Name": "h16",
        "IP": "10.0.0.16",
        "MAC": "00:00:00:00:00:10",
        "Type": "Host",
        "ID": "41",
        "Description": "host",
        "Port": "h16-eth0:s15-eth3"
    },
    {
        "Name": "h17",
        "IP": "10.0.0.17",
        "MAC": "00:00:00:00:00:11",
        "Type": "Host",
        "ID": "42",
        "Description": "host",
        "Port": "h17-eth0:s16-eth3"
    },
    {
        "Name": "h18",
        "IP": "10.0.0.18",
        "MAC": "00:00:00:00:00:12",
        "Type": "Host",
        "ID": "43",
        "Description": "host",
        "Port": "h18-eth0:s17-eth4"
    },
    {
        "Name": "h19",
        "IP": "10.0.0.19",
        "MAC": "00:00:00:00:00:13",
        "Type": "Host",
        "ID": "44",
        "Description": "host",
        "Port": "h19-eth0:s18-eth4"
    },
    {
        "Name": "h20",
        "IP": "10.0.0.20",
        "MAC": "00:00:00:00:00:14",
        "Type": "Host",
        "ID": "45",
        "Description": "host",
        "Port": "h20-eth0:s19-eth3"
    },
    {
        "Name": "h21",
        "IP": "10.0.0.21",
        "MAC": "00:00:00:00:00:15",
        "Type": "Host",
        "ID": "46",
        "Description": "host",
        "Port": "h21-eth0:s20-eth3"
    },
    {
        "Name": "h22",
        "IP": "10.0.0.22",
        "MAC": "00:00:00:00:00:16",
        "Type": "Host",
        "ID": "47",
        "Description": "host",
        "Port": "h22-eth0:s21-eth4"
    },
    {
        "Name": "h23",
        "IP": "10.0.0.23",
        "MAC": "00:00:00:00:00:17",
        "Type": "Host",
        "ID": "48",
        "Description": "host",
        "Port": "h23-eth0:s22-eth4"
    },
    {
        "Name": "h24",
        "IP": "10.0.0.24",
        "MAC": "00:00:00:00:00:18",
        "Type": "Host",
        "ID": "49",
        "Description": "host",
        "Port": "h24-eth0:s23-eth3"
    },
    {
        "Name": "h25",
        "IP": "10.0.0.25",
        "MAC": "00:00:00:00:00:19",
        "Type": "Host",
        "ID": "50",
        "Description": "host",
        "Port": "h25-eth0:s24-eth4"
    },
    {
        "Name": "h26",
        "IP": "10.0.0.26",
        "MAC": "00:00:00:00:00:1a",
        "Type": "Host",
        "ID": "51",
        "Description": "host",
        "Port": "h26-eth0:s25-eth4"
    },
    {
        "Name": "h27",
        "IP": "10.0.0.27",
        "MAC": "00:00:00:00:00:1b",
        "Type": "Host",
        "ID": "52",
        "Description": "host",
        "Port": "h27-eth0:s13-eth5"
    },
    {
        "Name": "h28",
        "IP": "10.0.0.28",
        "MAC": "00:00:00:00:00:1c",
        "Type": "Host",
        "ID": "53",
        "Description": "host",
        "Port": "h28-eth0:s14-eth5"
    },
    {
        "Name": "h29",
        "IP": "10.0.0.29",
        "MAC": "00:00:00:00:00:1d",
        "Type": "Host",
        "ID": "54",
        "Description": "host",
        "Port": "h29-eth0:s15-eth4"
    },
    {
        "Name": "h30",
        "IP": "10.0.0.30",
        "MAC": "00:00:00:00:00:1e",
        "Type": "Host",
        "ID": "55",
        "Description": "host",
        "Port": "h30-eth0:s16-eth4"
    },
    {
        "Name": "h31",
        "IP": "10.0.0.31",
        "MAC": "00:00:00:00:00:1f",
        "Type": "Host",
        "ID": "56",
        "Description": "host",
        "Port": "h31-eth0:s17-eth5"
    },
    {
        "Name": "h32",
        "IP": "10.0.0.32",
        "MAC": "00:00:00:00:00:20",
        "Type": "Host",
        "ID": "57",
        "Description": "host",
        "Port": "h32-eth0:s18-eth5"
    },
    {
        "Name": "h33",
        "IP": "10.0.0.33",
        "MAC": "00:00:00:00:00:21",
        "Type": "Host",
        "ID": "58",
        "Description": "host",
        "Port": "h33-eth0:s19-eth4"
    },
    {
        "Name": "h34",
        "IP": "10.0.0.34",
        "MAC": "00:00:00:00:00:22",
        "Type": "Host",
        "ID": "59",
        "Description": "host",
        "Port": "h34-eth0:s20-eth4"
    },
    {
        "Name": "h35",
        "IP": "10.0.0.35",
        "MAC": "00:00:00:00:00:23",
        "Type": "Host",
        "ID": "60",
        "Description": "host",
        "Port": "h35-eth0:s21-eth5"
    },
    {
        "Name": "h36",
        "IP": "10.0.0.36",
        "MAC": "00:00:00:00:00:24",
        "Type": "Host",
        "ID": "61",
        "Description": "host",
        "Port": "h36-eth0:s22-eth5"
    },
    {
        "Name": "h37",
        "IP": "10.0.0.37",
        "MAC": "00:00:00:00:00:25",
        "Type": "Host",
        "ID": "62",
        "Description": "host",
        "Port": "h37-eth0:s23-eth4"
    },
    {
        "Name": "h38",
        "IP": "10.0.0.38",
        "MAC": "00:00:00:00:00:26",
        "Type": "Host",
        "ID": "63",
        "Description": "host",
        "Port": "h38-eth0:s24-eth5"
    },
    {
        "Name": "h39",
        "IP": "10.0.0.39",
        "MAC": "00:00:00:00:00:27",
        "Type": "Host",
        "ID": "64",
        "Description": "host",
        "Port": "h39-eth0:s25-eth5"
    },
    {
        "Name": "h40",
        "IP": "10.0.0.40",
        "MAC": "00:00:00:00:00:28",
        "Type": "Host",
        "ID": "65",
        "Description": "host",
        "Port": "h40-eth0:s13-eth6"
    },
    {
        "Name": "h41",
        "IP": "10.0.0.41",
        "MAC": "00:00:00:00:00:29",
        "Type": "Host",
        "ID": "66",
        "Description": "host",
        "Port": "h41-eth0:s14-eth6"
    },
    {
        "Name": "h42",
        "IP": "10.0.0.42",
        "MAC": "00:00:00:00:00:2a",
        "Type": "Host",
        "ID": "67",
        "Description": "host",
        "Port": "h42-eth0:s15-eth5"
    },
    {
        "Name": "h43",
        "IP": "10.0.0.43",
        "MAC": "00:00:00:00:00:2b",
        "Type": "Host",
        "ID": "68",
        "Description": "host",
        "Port": "h43-eth0:s16-eth5"
    },
    {
        "Name": "h44",
        "IP": "10.0.0.44",
        "MAC": "00:00:00:00:00:2c",
        "Type": "Host",
        "ID": "69",
        "Description": "host",
        "Port": "h44-eth0:s17-eth6"
    },
    {
        "Name": "h45",
        "IP": "10.0.0.45",
        "MAC": "00:00:00:00:00:2d",
        "Type": "Host",
        "ID": "70",
        "Description": "host",
        "Port": "h45-eth0:s18-eth6"
    },
    {
        "Name": "h46",
        "IP": "10.0.0.46",
        "MAC": "00:00:00:00:00:2e",
        "Type": "Host",
        "ID": "71",
        "Description": "host",
        "Port": "h46-eth0:s19-eth5"
    },
    {
        "Name": "h47",
        "IP": "10.0.0.47",
        "MAC": "00:00:00:00:00:2f",
        "Type": "Host",
        "ID": "72",
        "Description": "host",
        "Port": "h47-eth0:s20-eth5"
    },
    {
        "Name": "h48",
        "IP": "10.0.0.48",
        "MAC": "00:00:00:00:00:30",
        "Type": "Host",
        "ID": "73",
        "Description": "host",
        "Port": "h48-eth0:s21-eth6"
    },
    {
        "Name": "h49",
        "IP": "10.0.0.49",
        "MAC": "00:00:00:00:00:31",
        "Type": "Host",
        "ID": "74",
        "Description": "host",
        "Port": "h49-eth0:s22-eth6"
    },
    {
        "Name": "h50",
        "IP": "10.0.0.50",
        "MAC": "00:00:00:00:00:32",
        "Type": "Host",
        "ID": "75",
        "Description": "host",
        "Port": "h50-eth0:s23-eth5"
    },
    {
        "Name": "h51",
        "IP": "10.0.0.51",
        "MAC": "00:00:00:00:00:33",
        "Type": "Host",
        "ID": "76",
        "Description": "host",
        "Port": "h51-eth0:s24-eth6"
    },
    {
        "Name": "h52",
        "IP": "10.0.0.52",
        "MAC": "00:00:00:00:00:34",
        "Type": "Host",
        "ID": "77",
        "Description": "host",
        "Port": "h52-eth0:s25-eth6"
    },
    {
        "Name": "h53",
        "IP": "10.0.0.53",
        "MAC": "00:00:00:00:00:35",
        "Type": "Host",
        "ID": "78",
        "Description": "host",
        "Port": "h53-eth0:s13-eth7"
    },
    {
        "Name": "h54",
        "IP": "10.0.0.54",
        "MAC": "00:00:00:00:00:36",
        "Type": "Host",
        "ID": "79",
        "Description": "host",
        "Port": "h54-eth0:s14-eth7"
    },
    {
        "Name": "h55",
        "IP": "10.0.0.55",
        "MAC": "00:00:00:00:00:37",
        "Type": "Host",
        "ID": "80",
        "Description": "host",
        "Port": "h55-eth0:s15-eth6"
    },
    {
        "Name": "h56",
        "IP": "10.0.0.56",
        "MAC": "00:00:00:00:00:38",
        "Type": "Host",
        "ID": "81",
        "Description": "host",
        "Port": "h56-eth0:s16-eth6"
    },
    {
        "Name": "h57",
        "IP": "10.0.0.57",
        "MAC": "00:00:00:00:00:39",
        "Type": "Host",
        "ID": "82",
        "Description": "host",
        "Port": "h57-eth0:s17-eth7"
    },
    {
        "Name": "h58",
        "IP": "10.0.0.58",
        "MAC": "00:00:00:00:00:3a",
        "Type": "Host",
        "ID": "83",
        "Description": "host",
        "Port": "h58-eth0:s18-eth7"
    },
    {
        "Name": "h59",
        "IP": "10.0.0.59",
        "MAC": "00:00:00:00:00:3b",
        "Type": "Host",
        "ID": "84",
        "Description": "host",
        "Port": "h59-eth0:s19-eth6"
    },
    {
        "Name": "h60",
        "IP": "10.0.0.60",
        "MAC": "00:00:00:00:00:3c",
        "Type": "Host",
        "ID": "85",
        "Description": "host",
        "Port": "h60-eth0:s20-eth6"
    },
    {
        "Name": "h61",
        "IP": "10.0.0.61",
        "MAC": "00:00:00:00:00:3d",
        "Type": "Host",
        "ID": "86",
        "Description": "host",
        "Port": "h61-eth0:s21-eth7"
    },
    {
        "Name": "h62",
        "IP": "10.0.0.62",
        "MAC": "00:00:00:00:00:3e",
        "Type": "Host",
        "ID": "87",
        "Description": "host",
        "Port": "h62-eth0:s22-eth7"
    },
    {
        "Name": "h63",
        "IP": "10.0.0.63",
        "MAC": "00:00:00:00:00:3f",
        "Type": "Host",
        "ID": "88",
        "Description": "host",
        "Port": "h63-eth0:s23-eth6"
    },
    {
        "Name": "h64",
        "IP": "10.0.0.64",
        "MAC": "00:00:00:00:00:40",
        "Type": "Host",
        "ID": "89",
        "Description": "host",
        "Port": "h64-eth0:s24-eth7"
    },
    {
        "Name": "h65",
        "IP": "10.0.0.65",
        "MAC": "00:00:00:00:00:41",
        "Type": "Host",
        "ID": "90",
        "Description": "host",
        "Port": "h65-eth0:s25-eth7"
    },
    {
        "Name": "sv1",
        "IP": "10.0.0.66",
        "MAC": "00:00:00:00:00:42",
        "Type": "Host",
        "ID": "91",
        "Description": "server",
        "Port": "sv1-eth0:s13-eth8"
    },
    {
        "Name": "sv2",
        "IP": "10.0.0.67",
        "MAC": "00:00:00:00:00:43",
        "Type": "Host",
        "ID": "92",
        "Description": "server",
        "Port": "sv2-eth0:s14-eth8"
    },
    {
        "Name": "sv3",
        "IP": "10.0.0.68",
        "MAC": "00:00:00:00:00:44",
        "Type": "Host",
        "ID": "93",
        "Description": "server",
        "Port": "sv3-eth0:s15-eth7"
    },
    {
        "Name": "sv4",
        "IP": "10.0.0.69",
        "MAC": "00:00:00:00:00:45",
        "Type": "Host",
        "ID": "94",
        "Description": "server",
        "Port": "sv4-eth0:s16-eth7"
    },
    {
        "Name": "sv5",
        "IP": "10.0.0.70",
        "MAC": "00:00:00:00:00:46",
        "Type": "Host",
        "ID": "95",
        "Description": "server",
        "Port": "sv5-eth0:s17-eth8"
    },
    {
        "Name": "sv6",
        "IP": "10.0.0.71",
        "MAC": "00:00:00:00:00:47",
        "Type": "Host",
        "ID": "96",
        "Description": "server",
        "Port": "sv6-eth0:s18-eth8"
    },
    {
        "Name": "sv7",
        "IP": "10.0.0.72",
        "MAC": "00:00:00:00:00:48",
        "Type": "Host",
        "ID": "97",
        "Description": "server",
        "Port": "sv7-eth0:s19-eth7"
    },
    {
        "Name": "sv8",
        "IP": "10.0.0.73",
        "MAC": "00:00:00:00:00:49",
        "Type": "Host",
        "ID": "98",
        "Description": "server",
        "Port": "sv8-eth0:s20-eth7"
    },
    {
        "Name": "sv9",
        "IP": "10.0.0.74",
        "MAC": "00:00:00:00:00:4a",
        "Type": "Host",
        "ID": "99",
        "Description": "server",
        "Port": "sv9-eth0:s21-eth8"
    },
    {
        "Name": "sv10",
        "IP": "10.0.0.75",
        "MAC": "00:00:00:00:00:4b",
        "Type": "Host",
        "ID": "100",
        "Description": "server",
        "Port": "sv10-eth0:s22-eth8"
    },
    {
        "Name": "sv11",
        "IP": "10.0.0.76",
        "MAC": "00:00:00:00:00:4c",
        "Type": "Host",
        "ID": "101",
        "Description": "server",
        "Port": "sv11-eth0:s23-eth7"
    },
    {
        "Name": "sv12",
        "IP": "10.0.0.77",
        "MAC": "00:00:00:00:00:4d",
        "Type": "Host",
        "ID": "102",
        "Description": "server",
        "Port": "sv12-eth0:s24-eth8"
    },
    {
        "Name": "sv13",
        "IP": "10.0.0.78",
        "MAC": "00:00:00:00:00:4e",
        "Type": "Host",
        "ID": "103",
        "Description": "server",
        "Port": "sv13-eth0:s25-eth8"
    },
    {
        "Name": "sv14",
        "IP": "10.0.0.79",
        "MAC": "00:00:00:00:00:4f",
        "Type": "Host",
        "ID": "104",
        "Description": "server",
        "Port": "sv14-eth0:s13-eth9"
    },
    {
        "Name": "sv15",
        "IP": "10.0.0.80",
        "MAC": "00:00:00:00:00:50",
        "Type": "Host",
        "ID": "105",
        "Description": "server",
        "Port": "sv15-eth0:s14-eth9"
    },
    {
        "Name": "sv16",
        "IP": "10.0.0.81",
        "MAC": "00:00:00:00:00:51",
        "Type": "Host",
        "ID": "106",
        "Description": "server",
        "Port": "sv16-eth0:s15-eth8"
    },
    {
        "Name": "sv17",
        "IP": "10.0.0.82",
        "MAC": "00:00:00:00:00:52",
        "Type": "Host",
        "ID": "107",
        "Description": "server",
        "Port": "sv17-eth0:s16-eth8"
    },
    {
        "Name": "sv18",
        "IP": "10.0.0.83",
        "MAC": "00:00:00:00:00:53",
        "Type": "Host",
        "ID": "108",
        "Description": "server",
        "Port": "sv18-eth0:s17-eth9"
    },
    {
        "Name": "sv19",
        "IP": "10.0.0.84",
        "MAC": "00:00:00:00:00:54",
        "Type": "Host",
        "ID": "109",
        "Description": "server",
        "Port": "sv19-eth0:s18-eth9"
    },
    {
        "Name": "sv20",
        "IP": "10.0.0.85",
        "MAC": "00:00:00:00:00:55",
        "Type": "Host",
        "ID": "110",
        "Description": "server",
        "Port": "sv20-eth0:s19-eth8"
    },
    {
        "Name": "sv21",
        "IP": "10.0.0.86",
        "MAC": "00:00:00:00:00:56",
        "Type": "Host",
        "ID": "111",
        "Description": "server",
        "Port": "sv21-eth0:s20-eth8"
    },
    {
        "Name": "sv22",
        "IP": "10.0.0.87",
        "MAC": "00:00:00:00:00:57",
        "Type": "Host",
        "ID": "112",
        "Description": "server",
        "Port": "sv22-eth0:s21-eth9"
    },
    {
        "Name": "sv23",
        "IP": "10.0.0.88",
        "MAC": "00:00:00:00:00:58",
        "Type": "Host",
        "ID": "113",
        "Description": "server",
        "Port": "sv23-eth0:s22-eth9"
    },
    {
        "Name": "sv24",
        "IP": "10.0.0.89",
        "MAC": "00:00:00:00:00:59",
        "Type": "Host",
        "ID": "114",
        "Description": "server",
        "Port": "sv24-eth0:s23-eth8"
    },
    {
        "Name": "sv25",
        "IP": "10.0.0.90",
        "MAC": "00:00:00:00:00:5a",
        "Type": "Host",
        "ID": "115",
        "Description": "server",
        "Port": "sv25-eth0:s24-eth9"
    },
    {
        "Name": "sv26",
        "IP": "10.0.0.91",
        "MAC": "00:00:00:00:00:5b",
        "Type": "Host",
        "ID": "116",
        "Description": "server",
        "Port": "sv26-eth0:s25-eth9"
    },
    {
        "Name": "sv27",
        "IP": "10.0.0.92",
        "MAC": "00:00:00:00:00:5c",
        "Type": "Host",
        "ID": "117",
        "Description": "server",
        "Port": "sv27-eth0:s13-eth10"
    },
    {
        "Name": "sv28",
        "IP": "10.0.0.93",
        "MAC": "00:00:00:00:00:5d",
        "Type": "Host",
        "ID": "118",
        "Description": "server",
        "Port": "sv28-eth0:s14-eth10"
    },
    {
        "Name": "sv29",
        "IP": "10.0.0.94",
        "MAC": "00:00:00:00:00:5e",
        "Type": "Host",
        "ID": "119",
        "Description": "server",
        "Port": "sv29-eth0:s15-eth9"
    },
    {
        "Name": "sv30",
        "IP": "10.0.0.95",
        "MAC": "00:00:00:00:00:5f",
        "Type": "Host",
        "ID": "120",
        "Description": "server",
        "Port": "sv30-eth0:s16-eth9"
    },
    {
        "Name": "sv31",
        "IP": "10.0.0.96",
        "MAC": "00:00:00:00:00:60",
        "Type": "Host",
        "ID": "121",
        "Description": "server",
        "Port": "sv31-eth0:s17-eth10"
    },
    {
        "Name": "sv32",
        "IP": "10.0.0.97",
        "MAC": "00:00:00:00:00:61",
        "Type": "Host",
        "ID": "122",
        "Description": "server",
        "Port": "sv32-eth0:s18-eth10"
    },
    {
        "Name": "sv33",
        "IP": "10.0.0.98",
        "MAC": "00:00:00:00:00:62",
        "Type": "Host",
        "ID": "123",
        "Description": "server",
        "Port": "sv33-eth0:s19-eth9"
    },
    {
        "Name": "sv34",
        "IP": "10.0.0.99",
        "MAC": "00:00:00:00:00:63",
        "Type": "Host",
        "ID": "124",
        "Description": "server",
        "Port": "sv34-eth0:s20-eth9"
    },
    {
        "Name": "sv35",
        "IP": "10.0.0.100",
        "MAC": "00:00:00:00:00:64",
        "Type": "Host",
        "ID": "125",
        "Description": "server",
        "Port": "sv35-eth0:s21-eth10"
    }
]
