[
    {
        "Description": "switch", 
        "IP": "127.0.0.1", 
        "MAC": "0000000000000001", 
        "Type": "Switch", 
        "ID": "1", 
        "Name": "s1"
    }, 
    {
        "Description": "switch", 
        "IP": "127.0.0.1", 
        "MAC": "0000000000000002", 
        "Type": "Switch", 
        "ID": "2", 
        "Name": "s2"
    }, 
    {
        "Description": "switch", 
        "IP": "127.0.0.1", 
        "MAC": "0000000000000003", 
        "Type": "Switch", 
        "ID": "3", 
        "Name": "s3"
    }, 
    {
        "Description": "switch", 
        "IP": "127.0.0.1", 
        "MAC": "0000000000000004", 
        "Type": "Switch", 
        "ID": "4", 
        "Name": "s4"
    }, 
    {
        "Description": "switch", 
        "IP": "127.0.0.1", 
        "MAC": "0000000000000005", 
        "Type": "Switch", 
        "ID": "5", 
        "Name": "s5"
    }, 
    {
        "Description": "switch", 
        "IP": "127.0.0.1", 
        "MAC": "0000000000000006", 
        "Type": "Switch", 
        "ID": "6", 
        "Name": "s6"
    }, 
    {
        "Description": "switch", 
        "IP": "127.0.0.1", 
        "MAC": "0000000000000007", 
        "Type": "Switch", 
        "ID": "7", 
        "Name": "s7"
    }, 
    {
        "Description": "switch", 
        "IP": "127.0.0.1", 
        "MAC": "0000000000000008", 
        "Type": "Switch", 
        "ID": "8", 
        "Name": "s8"
    }, 
    {
        "Description": "switch", 
        "IP": "127.0.0.1", 
        "MAC": "0000000000000009", 
        "Type": "Switch", 
        "ID": "9", 
        "Name": "s9"
    }, 
    {
        "Description": "switch", 
        "IP": "127.0.0.1", 
        "MAC": "000000000000000a", 
        "Type": "Switch", 
        "ID": "10", 
        "Name": "s10"
    }, 
    {
        "Description": "switch", 
        "IP": "127.0.0.1", 
        "MAC": "000000000000000b", 
        "Type": "Switch", 
        "ID": "11", 
        "Name": "s11"
    }, 
    {
        "Description": "switch", 
        "IP": "127.0.0.1", 
        "MAC": "000000000000000c", 
        "Type": "Switch", 
        "ID": "12", 
        "Name": "s12"
    }, 
    {
        "Description": "switch", 
        "IP": "127.0.0.1", 
        "MAC": "000000000000000d", 
        "Type": "Switch", 
        "ID": "13", 
        "Name": "s13"
    }, 
    {
        "Description": "switch", 
        "IP": "127.0.0.1", 
        "MAC": "000000000000000e", 
        "Type": "Switch", 
        "ID": "14", 
        "Name": "s14"
    }, 
    {
        "Description": "switch", 
        "IP": "127.0.0.1", 
        "MAC": "000000000000000f", 
        "Type": "Switch", 
        "ID": "15", 
        "Name": "s15"
    }, 
    {
        "Description": "switch", 
        "IP": "127.0.0.1", 
        "MAC": "0000000000000010", 
        "Type": "Switch", 
        "ID": "16", 
        "Name": "s16"
    }, 
    {
        "Description": "switch", 
        "IP": "127.0.0.1", 
        "MAC": "0000000000000011", 
        "Type": "Switch", 
        "ID": "17", 
        "Name": "s17"
    }, 
    {
        "Description": "switch", 
        "IP": "127.0.0.1", 
        "MAC": "0000000000000012", 
        "Type": "Switch", 
        "ID": "18", 
        "Name": "s18"
    }, 
    {
        "Description": "switch", 
        "IP": "127.0.0.1", 
        "MAC": "0000000000000013", 
        "Type": "Switch", 
        "ID": "19", 
        "Name": "s19"
    }, 
    {
        "Description": "switch", 
        "IP": "127.0.0.1", 
        "MAC": "0000000000000014", 
        "Type": "Switch", 
        "ID": "20", 
        "Name": "s20"
    }, 
    {
        "Description": "switch", 
        "IP": "127.0.0.1", 
        "MAC": "0000000000000015", 
        "Type": "Switch", 
        "ID": "21", 
        "Name": "s21"
    }, 
    {
        "Description": "switch", 
        "IP": "127.0.0.1", 
        "MAC": "0000000000000016", 
        "Type": "Switch", 
        "ID": "22", 
        "Name": "s22"
    }, 
    {
        "Description": "switch", 
        "IP": "127.0.0.1", 
        "MAC": "0000000000000017", 
        "Type": "Switch", 
        "ID": "23", 
        "Name": "s23"
    }, 
    {
        "Description": "switch", 
        "IP": "127.0.0.1", 
        "MAC": "0000000000000018", 
        "Type": "Switch", 
        "ID": "24", 
        "Name": "s24"
    }, 
    {
        "Description": "switch", 
        "IP": "127.0.0.1", 
        "MAC": "0000000000000019", 
        "Type": "Switch", 
        "ID": "25", 
        "Name": "s25"
    }, 
    {
        "Description": "switch", 
        "IP": "127.0.0.1", 
        "MAC": "000000000000001a", 
        "Type": "Switch", 
        "ID": "26", 
        "Name": "s26"
    }, 
    {
        "Description": "switch", 
        "IP": "127.0.0.1", 
        "MAC": "000000000000001b", 
        "Type": "Switch", 
        "ID": "27", 
        "Name": "s27"
    }, 
    {
        "Description": "switch", 
        "IP": "127.0.0.1", 
        "MAC": "000000000000001c", 
        "Type": "Switch", 
        "ID": "28", 
        "Name": "s28"
    }, 
    {
        "Description": "switch", 
        "IP": "127.0.0.1", 
        "MAC": "000000000000001d", 
        "Type": "Switch", 
        "ID": "29", 
        "Name": "s29"
    }, 
    {
        "Description": "switch", 
        "IP": "127.0.0.1", 
        "MAC": "000000000000001e", 
        "Type": "Switch", 
        "ID": "30", 
        "Name": "s30"
    }, 
    {
        "Description": "switch", 
        "IP": "127.0.0.1", 
        "MAC": "000000000000001f", 
        "Type": "Switch", 
        "ID": "31", 
        "Name": "s31"
    }, 
    {
        "Description": "switch", 
        "IP": "127.0.0.1", 
        "MAC": "0000000000000020", 
        "Type": "Switch", 
        "ID": "32", 
        "Name": "s32"
    }, 
    {
        "Description": "switch", 
        "IP": "127.0.0.1", 
        "MAC": "0000000000000021", 
        "Type": "Switch", 
        "ID": "33", 
        "Name": "s33"
    }, 
    {
        "Description": "switch", 
        "IP": "127.0.0.1", 
        "MAC": "0000000000000022", 
        "Type": "Switch", 
        "ID": "34", 
        "Name": "s34"
    }, 
    {
        "Description": "switch", 
        "IP": "127.0.0.1", 
        "MAC": "0000000000000023", 
        "Type": "Switch", 
        "ID": "35", 
        "Name": "s35"
    }, 
    {
        "Description": "switch", 
        "IP": "127.0.0.1", 
        "MAC": "0000000000000024", 
        "Type": "Switch", 
        "ID": "36", 
        "Name": "s36"
    }, 
    {
        "Description": "switch", 
        "IP": "127.0.0.1", 
        "MAC": "0000000000000025", 
        "Type": "Switch", 
        "ID": "37", 
        "Name": "s37"
    }, 
    {
        "Description": "switch", 
        "IP": "127.0.0.1", 
        "MAC": "0000000000000026", 
        "Type": "Switch", 
        "ID": "38", 
        "Name": "s38"
    }, 
    {
        "Description": "switch", 
        "IP": "127.0.0.1", 
        "MAC": "0000000000000027", 
        "Type": "Switch", 
        "ID": "39", 
        "Name": "s39"
    }, 
    {
        "Description": "switch", 
        "IP": "127.0.0.1", 
        "MAC": "0000000000000028", 
        "Type": "Switch", 
        "ID": "40", 
        "Name": "s40"
    }, 
    {
        "Description": "switch", 
        "IP": "127.0.0.1", 
        "MAC": "0000000000000029", 
        "Type": "Switch", 
        "ID": "41", 
        "Name": "s41"
    }, 
    {
        "Description": "switch", 
        "IP": "127.0.0.1", 
        "MAC": "000000000000002a", 
        "Type": "Switch", 
        "ID": "42", 
        "Name": "s42"
    }, 
    {
        "Description": "switch", 
        "IP": "127.0.0.1", 
        "MAC": "000000000000002b", 
        "Type": "Switch", 
        "ID": "43", 
        "Name": "s43"
    }, 
    {
        "Description": "switch", 
        "IP": "127.0.0.1", 
        "MAC": "000000000000002c", 
        "Type": "Switch", 
        "ID": "44", 
        "Name": "s44"
    }, 
    {
        "Description": "switch", 
        "IP": "127.0.0.1", 
        "MAC": "000000000000002d", 
        "Type": "Switch", 
        "ID": "45", 
        "Name": "s45"
    }, 
    {
        "Description": "switch", 
        "IP": "127.0.0.1", 
        "MAC": "000000000000002e", 
        "Type": "Switch", 
        "ID": "46", 
        "Name": "s46"
    }, 
    {
        "Description": "switch", 
        "IP": "127.0.0.1", 
        "MAC": "000000000000002f", 
        "Type": "Switch", 
        "ID": "47", 
        "Name": "s47"
    }, 
    {
        "Description": "switch", 
        "IP": "127.0.0.1", 
        "MAC": "0000000000000030", 
        "Type": "Switch", 
        "ID": "48", 
        "Name": "s48"
    }, 
    {
        "Description": "switch", 
        "IP": "127.0.0.1", 
        "MAC": "0000000000000031", 
        "Type": "Switch", 
        "ID": "49", 
        "Name": "s49"
    }, 
    {
        "Description": "switch", 
        "IP": "127.0.0.1", 
        "MAC": "0000000000000032", 
        "Type": "Switch", 
        "ID": "50", 
        "Name": "s50"
    }, 
    {
        "Description": "switch", 
        "IP": "127.0.0.1", 
        "MAC": "0000000000000033", 
        "Type": "Switch", 
        "ID": "51", 
        "Name": "s51"
    }, 
    {
        "Description": "switch", 
        "IP": "127.0.0.1", 
        "MAC": "0000000000000034", 
        "Type": "Switch", 
        "ID": "52", 
        "Name": "s52"
    }, 
    {
        "Description": "switch", 
        "IP": "127.0.0.1", 
        "MAC": "0000000000000035", 
        "Type": "Switch", 
        "ID": "53", 
        "Name": "s53"
    }, 
    {
        "Description": "switch", 
        "IP": "127.0.0.1", 
        "MAC": "0000000000000036", 
        "Type": "Switch", 
        "ID": "54", 
        "Name": "s54"
    }, 
    {
        "Description": "switch", 
        "IP": "127.0.0.1", 
        "MAC": "0000000000000037", 
        "Type": "Switch", 
        "ID": "55", 
        "Name": "s55"
    }, 
    {
        "Description": "switch", 
        "IP": "127.0.0.1", 
        "MAC": "0000000000000038", 
        "Type": "Switch", 
        "ID": "56", 
        "Name": "s56"
    }, 
    {
        "Description": "switch", 
        "IP": "127.0.0.1", 
        "MAC": "0000000000000039", 
        "Type": "Switch", 
        "ID": "57", 
        "Name": "s57"
    }, 
    {
        "Description": "switch", 
        "IP": "127.0.0.1", 
        "MAC": "000000000000003a", 
        "Type": "Switch", 
        "ID": "58", 
        "Name": "s58"
    }, 
    {
        "Description": "switch", 
        "IP": "127.0.0.1", 
        "MAC": "000000000000003b", 
        "Type": "Switch", 
        "ID": "59", 
        "Name": "s59"
    }, 
    {
        "Description": "switch", 
        "IP": "127.0.0.1", 
        "MAC": "000000000000003c", 
        "Type": "Switch", 
        "ID": "60", 
        "Name": "s60"
    }, 
    {
        "Description": "switch", 
        "IP": "127.0.0.1", 
        "MAC": "000000000000003d", 
        "Type": "Switch", 
        "ID": "61", 
        "Name": "s61"
    }, 
    {
        "Description": "switch", 
        "IP": "127.0.0.1", 
        "MAC": "000000000000003e", 
        "Type": "Switch", 
        "ID": "62", 
        "Name": "s62"
    }, 
    {
        "Description": "switch", 
        "IP": "127.0.0.1", 
        "MAC": "000000000000003f", 
        "Type": "Switch", 
        "ID": "63", 
        "Name": "s63"
    }, 
    {
        "Description": "switch", 
        "IP": "127.0.0.1", 
        "MAC": "0000000000000040", 
        "Type": "Switch", 
        "ID": "64", 
        "Name": "s64"
    }, 
    {
        "Description": "switch", 
        "IP": "127.0.0.1", 
        "MAC": "0000000000000041", 
        "Type": "Switch", 
        "ID": "65", 
        "Name": "s65"
    }, 
    {
        "Description": "switch", 
        "IP": "127.0.0.1", 
        "MAC": "0000000000000042", 
        "Type": "Switch", 
        "ID": "66", 
        "Name": "s66"
    }, 
    {
        "Description": "switch", 
        "IP": "127.0.0.1", 
        "MAC": "0000000000000043", 
        "Type": "Switch", 
        "ID": "67", 
        "Name": "s67"
    }, 
    {
        "Description": "switch", 
        "IP": "127.0.0.1", 
        "MAC": "0000000000000044", 
        "Type": "Switch", 
        "ID": "68", 
        "Name": "s68"
    }, 
    {
        "Description": "switch", 
        "IP": "127.0.0.1", 
        "MAC": "0000000000000045", 
        "Type": "Switch", 
        "ID": "69", 
        "Name": "s69"
    }, 
    {
        "Description": "switch", 
        "IP": "127.0.0.1", 
        "MAC": "0000000000000046", 
        "Type": "Switch", 
        "ID": "70", 
        "Name": "s70"
    }, 
    {
        "Description": "host", 
        "IP": "10.0.0.1", 
        "Port": "h1-eth0:s24-eth2", 
        "MAC": "d2:52:90:a4:98:2a", 
        "Type": "Host", 
        "ID": "71", 
        "Name": "h1"
    }, 
    {
        "Description": "host", 
        "IP": "10.0.0.2", 
        "Port": "h2-eth0:s24-eth3", 
        "MAC": "ee:64:fb:8d:11:8c", 
        "Type": "Host", 
        "ID": "72", 
        "Name": "h2"
    }, 
    {
        "Description": "host", 
        "IP": "10.0.0.3", 
        "Port": "h3-eth0:s24-eth4", 
        "MAC": "ba:57:2b:21:9f:bc", 
        "Type": "Host", 
        "ID": "73", 
        "Name": "h3"
    }, 
    {
        "Description": "host", 
        "IP": "10.0.0.4", 
        "Port": "h4-eth0:s24-eth5", 
        "MAC": "fe:7a:2f:a1:03:24", 
        "Type": "Host", 
        "ID": "74", 
        "Name": "h4"
    }, 
    {
        "Description": "host", 
        "IP": "10.0.0.5", 
        "Port": "h5-eth0:s24-eth6", 
        "MAC": "42:0c:88:de:ea:c2", 
        "Type": "Host", 
        "ID": "75", 
        "Name": "h5"
    }, 
    {
        "Description": "host", 
        "IP": "10.0.0.6", 
        "Port": "h6-eth0:s24-eth7", 
        "MAC": "12:fe:ea:2f:57:47", 
        "Type": "Host", 
        "ID": "76", 
        "Name": "h6"
    }, 
    {
        "Description": "host", 
        "IP": "10.0.0.7", 
        "Port": "h7-eth0:s24-eth8", 
        "MAC": "22:8a:02:3b:e9:54", 
        "Type": "Host", 
        "ID": "77", 
        "Name": "h7"
    }, 
    {
        "Description": "host", 
        "IP": "10.0.0.8", 
        "Port": "h8-eth0:s24-eth9", 
        "MAC": "6a:9e:99:2f:70:00", 
        "Type": "Host", 
        "ID": "78", 
        "Name": "h8"
    }, 
    {
        "Description": "host", 
        "IP": "10.0.0.9", 
        "Port": "h9-eth0:s24-eth10", 
        "MAC": "36:62:47:8e:34:73", 
        "Type": "Host", 
        "ID": "79", 
        "Name": "h9"
    }, 
    {
        "Description": "host", 
        "IP": "10.0.0.10", 
        "Port": "h10-eth0:s24-eth11", 
        "MAC": "02:5b:1d:9d:98:2d", 
        "Type": "Host", 
        "ID": "80", 
        "Name": "h10"
    }, 
    {
        "Description": "host", 
        "IP": "10.0.0.11", 
        "Port": "h11-eth0:s24-eth12", 
        "MAC": "62:0a:7d:12:30:a1", 
        "Type": "Host", 
        "ID": "81", 
        "Name": "h11"
    }, 
    {
        "Description": "host", 
        "IP": "10.0.0.12", 
        "Port": "h12-eth0:s24-eth13", 
        "MAC": "92:0f:40:98:d7:63", 
        "Type": "Host", 
        "ID": "82", 
        "Name": "h12"
    }, 
    {
        "Description": "host", 
        "IP": "10.0.0.13", 
        "Port": "h13-eth0:s24-eth14", 
        "MAC": "92:5e:19:69:12:c8", 
        "Type": "Host", 
        "ID": "83", 
        "Name": "h13"
    }, 
    {
        "Description": "host", 
        "IP": "10.0.0.14", 
        "Port": "h14-eth0:s24-eth15", 
        "MAC": "1e:35:a3:3b:f3:5e", 
        "Type": "Host", 
        "ID": "84", 
        "Name": "h14"
    }, 
    {
        "Description": "host", 
        "IP": "10.0.0.15", 
        "Port": "h15-eth0:s24-eth16", 
        "MAC": "82:01:ac:3f:1a:81", 
        "Type": "Host", 
        "ID": "85", 
        "Name": "h15"
    }, 
    {
        "Description": "host", 
        "IP": "10.0.0.16", 
        "Port": "h16-eth0:s24-eth17", 
        "MAC": "26:d6:ea:66:20:ac", 
        "Type": "Host", 
        "ID": "86", 
        "Name": "h16"
    }, 
    {
        "Description": "host", 
        "IP": "10.0.0.17", 
        "Port": "h17-eth0:s24-eth18", 
        "MAC": "e6:07:80:aa:d4:ee", 
        "Type": "Host", 
        "ID": "87", 
        "Name": "h17"
    }, 
    {
        "Description": "host", 
        "IP": "10.0.0.18", 
        "Port": "h18-eth0:s24-eth19", 
        "MAC": "0a:6c:c3:6b:4e:c0", 
        "Type": "Host", 
        "ID": "88", 
        "Name": "h18"
    }, 
    {
        "Description": "host", 
        "IP": "10.0.0.19", 
        "Port": "h19-eth0:s24-eth20", 
        "MAC": "ce:ee:fe:f3:1f:9a", 
        "Type": "Host", 
        "ID": "89", 
        "Name": "h19"
    }, 
    {
        "Description": "host", 
        "IP": "10.0.0.20", 
        "Port": "h20-eth0:s24-eth21", 
        "MAC": "82:c8:af:84:ba:e5", 
        "Type": "Host", 
        "ID": "90", 
        "Name": "h20"
    }, 
    {
        "Description": "host", 
        "IP": "10.0.0.21", 
        "Port": "h21-eth0:s24-eth22", 
        "MAC": "66:7a:d8:9c:12:57", 
        "Type": "Host", 
        "ID": "91", 
        "Name": "h21"
    }, 
    {
        "Description": "host", 
        "IP": "10.0.0.22", 
        "Port": "h22-eth0:s24-eth23", 
        "MAC": "9a:42:b9:79:77:2a", 
        "Type": "Host", 
        "ID": "92", 
        "Name": "h22"
    }, 
    {
        "Description": "host", 
        "IP": "10.0.0.23", 
        "Port": "h23-eth0:s24-eth24", 
        "MAC": "0e:bc:63:8c:f8:fa", 
        "Type": "Host", 
        "ID": "93", 
        "Name": "h23"
    }, 
    {
        "Description": "host", 
        "IP": "10.0.0.24", 
        "Port": "h24-eth0:s24-eth25", 
        "MAC": "c6:e0:c3:5d:5f:a3", 
        "Type": "Host", 
        "ID": "94", 
        "Name": "h24"
    }, 
    {
        "Description": "host", 
        "IP": "10.0.0.25", 
        "Port": "h25-eth0:s24-eth26", 
        "MAC": "aa:74:8a:60:f2:94", 
        "Type": "Host", 
        "ID": "95", 
        "Name": "h25"
    }, 
    {
        "Description": "host", 
        "IP": "10.0.0.26", 
        "Port": "h26-eth0:s24-eth27", 
        "MAC": "9a:c3:a8:99:e5:ef", 
        "Type": "Host", 
        "ID": "96", 
        "Name": "h26"
    }, 
    {
        "Description": "host", 
        "IP": "10.0.0.27", 
        "Port": "h27-eth0:s24-eth28", 
        "MAC": "da:56:00:f9:ff:f8", 
        "Type": "Host", 
        "ID": "97", 
        "Name": "h27"
    }, 
    {
        "Description": "host", 
        "IP": "10.0.0.28", 
        "Port": "h28-eth0:s24-eth29", 
        "MAC": "ae:f3:0d:b4:35:69", 
        "Type": "Host", 
        "ID": "98", 
        "Name": "h28"
    }, 
    {
        "Description": "host", 
        "IP": "10.0.0.29", 
        "Port": "h29-eth0:s24-eth30", 
        "MAC": "3e:9a:b2:45:d8:f9", 
        "Type": "Host", 
        "ID": "99", 
        "Name": "h29"
    }, 
    {
        "Description": "host", 
        "IP": "10.0.0.30", 
        "Port": "h30-eth0:s24-eth31", 
        "MAC": "52:10:48:bd:d7:d0", 
        "Type": "Host", 
        "ID": "100", 
        "Name": "h30"
    }, 
    {
        "Description": "host", 
        "IP": "10.0.0.31", 
        "Port": "h31-eth0:s24-eth32", 
        "MAC": "1e:52:ee:d2:50:9f", 
        "Type": "Host", 
        "ID": "101", 
        "Name": "h31"
    }, 
    {
        "Description": "host", 
        "IP": "10.0.0.32", 
        "Port": "h32-eth0:s24-eth33", 
        "MAC": "b6:12:83:aa:3c:85", 
        "Type": "Host", 
        "ID": "102", 
        "Name": "h32"
    }, 
    {
        "Description": "host", 
        "IP": "10.0.0.33", 
        "Port": "h33-eth0:s24-eth34", 
        "MAC": "6e:15:01:bb:8e:8d", 
        "Type": "Host", 
        "ID": "103", 
        "Name": "h33"
    }, 
    {
        "Description": "host", 
        "IP": "10.0.0.34", 
        "Port": "h34-eth0:s24-eth35", 
        "MAC": "4e:b5:01:ee:35:28", 
        "Type": "Host", 
        "ID": "104", 
        "Name": "h34"
    }, 
    {
        "Description": "host", 
        "IP": "10.0.0.35", 
        "Port": "h35-eth0:s24-eth36", 
        "MAC": "d2:09:b8:59:dd:f6", 
        "Type": "Host", 
        "ID": "105", 
        "Name": "h35"
    }, 
    {
        "Description": "host", 
        "IP": "10.0.0.36", 
        "Port": "h36-eth0:s24-eth37", 
        "MAC": "8e:73:ca:ee:5f:59", 
        "Type": "Host", 
        "ID": "106", 
        "Name": "h36"
    }, 
    {
        "Description": "host", 
        "IP": "10.0.0.37", 
        "Port": "h37-eth0:s24-eth38", 
        "MAC": "2e:31:8a:f8:e9:1e", 
        "Type": "Host", 
        "ID": "107", 
        "Name": "h37"
    }, 
    {
        "Description": "host", 
        "IP": "10.0.0.38", 
        "Port": "h38-eth0:s24-eth39", 
        "MAC": "56:ba:a5:29:0c:f3", 
        "Type": "Host", 
        "ID": "108", 
        "Name": "h38"
    }, 
    {
        "Description": "host", 
        "IP": "10.0.0.39", 
        "Port": "h39-eth0:s24-eth40", 
        "MAC": "b2:6a:fc:b2:70:53", 
        "Type": "Host", 
        "ID": "109", 
        "Name": "h39"
    }, 
    {
        "Description": "server", 
        "IP": "10.0.0.40", 
        "Port": "sv1-eth0:s24-eth41", 
        "MAC": "d6:85:ec:69:6e:48", 
        "Type": "Host", 
        "ID": "110", 
        "Name": "sv1"
    }, 
    {
        "Description": "server", 
        "IP": "10.0.0.41", 
        "Port": "sv2-eth0:s24-eth42", 
        "MAC": "46:22:3e:f0:45:cc", 
        "Type": "Host", 
        "ID": "111", 
        "Name": "sv2"
    }, 
    {
        "Description": "server", 
        "IP": "10.0.0.42", 
        "Port": "sv3-eth0:s24-eth43", 
        "MAC": "6e:23:e2:c4:3d:15", 
        "Type": "Host", 
        "ID": "112", 
        "Name": "sv3"
    }, 
    {
        "Description": "server", 
        "IP": "10.0.0.43", 
        "Port": "sv4-eth0:s24-eth44", 
        "MAC": "ea:92:2e:7f:02:45", 
        "Type": "Host", 
        "ID": "113", 
        "Name": "sv4"
    }, 
    {
        "Description": "server", 
        "IP": "10.0.0.44", 
        "Port": "sv5-eth0:s24-eth45", 
        "MAC": "0e:f8:2a:1d:2b:60", 
        "Type": "Host", 
        "ID": "114", 
        "Name": "sv5"
    }, 
    {
        "Description": "server", 
        "IP": "10.0.0.45", 
        "Port": "sv6-eth0:s24-eth46", 
        "MAC": "5a:3d:76:f1:f3:86", 
        "Type": "Host", 
        "ID": "115", 
        "Name": "sv6"
    }, 
    {
        "Description": "server", 
        "IP": "10.0.0.46", 
        "Port": "sv7-eth0:s24-eth47", 
        "MAC": "86:a2:3c:23:fb:81", 
        "Type": "Host", 
        "ID": "116", 
        "Name": "sv7"
    }, 
    {
        "Description": "server", 
        "IP": "10.0.0.47", 
        "Port": "sv8-eth0:s24-eth48", 
        "MAC": "2e:83:85:b0:84:be", 
        "Type": "Host", 
        "ID": "117", 
        "Name": "sv8"
    }, 
    {
        "Description": "server", 
        "IP": "10.0.0.48", 
        "Port": "sv9-eth0:s24-eth49", 
        "MAC": "ca:e6:ae:c3:6b:1e", 
        "Type": "Host", 
        "ID": "118", 
        "Name": "sv9"
    }, 
    {
        "Description": "server", 
        "IP": "10.0.0.49", 
        "Port": "sv10-eth0:s24-eth50", 
        "MAC": "8e:0c:c9:8b:b0:e5", 
        "Type": "Host", 
        "ID": "119", 
        "Name": "sv10"
    }, 
    {
        "Description": "server", 
        "IP": "10.0.0.50", 
        "Port": "sv11-eth0:s24-eth51", 
        "MAC": "6a:5c:2e:0d:6a:0e", 
        "Type": "Host", 
        "ID": "120", 
        "Name": "sv11"
    }, 
    {
        "Description": "server", 
        "IP": "10.0.0.51", 
        "Port": "sv12-eth0:s24-eth52", 
        "MAC": "da:4d:0a:a0:81:14", 
        "Type": "Host", 
        "ID": "121", 
        "Name": "sv12"
    }, 
    {
        "Description": "server", 
        "IP": "10.0.0.52", 
        "Port": "sv13-eth0:s24-eth53", 
        "MAC": "ba:1f:51:61:0b:51", 
        "Type": "Host", 
        "ID": "122", 
        "Name": "sv13"
    }, 
    {
        "Description": "server", 
        "IP": "10.0.0.53", 
        "Port": "sv14-eth0:s24-eth54", 
        "MAC": "8e:e1:74:8f:9c:22", 
        "Type": "Host", 
        "ID": "123", 
        "Name": "sv14"
    }, 
    {
        "Description": "server", 
        "IP": "10.0.0.54", 
        "Port": "sv15-eth0:s24-eth55", 
        "MAC": "86:38:c9:f2:e6:80", 
        "Type": "Host", 
        "ID": "124", 
        "Name": "sv15"
    }, 
    {
        "Description": "server", 
        "IP": "10.0.0.55", 
        "Port": "sv16-eth0:s24-eth56", 
        "MAC": "c2:92:2a:c5:28:92", 
        "Type": "Host", 
        "ID": "125", 
        "Name": "sv16"
    }
]